Workbook

Sheet Assessment sheet (ES)
A1: Lakshmi Narain College of Technology & Science , Bhopal
A2: Record of End Sem Marks
A3: Year/Semester: II/IV | C3: Branch/Section: CSE-/ A | F3: Session: JAN-JUNE. 2025
A4: Subject Code & Name: CS403 & Software Engg.
A5: Class Roll No. | B5: Student Name | C5: Enrollment No. | D5: End Sem (Th) | F5: End Sem (P)
D6: (70) | F6: (30)
D7: Grade | E7: Avg. Marks (100) | F7: Grade | G7: Avg. Marks (30)
D8: 10 | E8: 10 | F8: 10 | G8: 10
A9: 001 | B9: Aarchi Porwal | C9: 0157CS231001
A10: 002 | B10: Aarti Pawar | C10: 0157CS231002
A11: 003 | B11: Aatifa Firdous Ashrafi | C11: 0157CS231003
A12: 004 | B12: Aayushi Gaur | C12: 0157CS231004
A13: 005 | B13: Abhay Agrawal | C13: 0157CS231005
A14: 006 | B14: Abhay Arya | C14: 0157CS231006
A15: 007 | B15: Abhay Kumar Sharma | C15: 0157CS231007
A16: 008 | B16: Abhay Raj | C16: 0157CS231008
A17: 009 | B17: Abhi Jain | C17: 0157CS231009
A18: 010 | B18: Abhijeet Batania | C18: 0157CS231010
A19: 011 | B19: Abhijeet Singh Jadaun | C19: 0157CS231011
A20: 012 | B20: Abhinav Adlak | C20: 0157CS231012
... A92: 084 | B92: Harshdeep Jain | C92: 0157CS231084

Sheet Assessment sheet (MST)
A1: Lakshmi Narain College of Technology & Science , Bhopal
A2: Record of Assessment of Mid-Sem Test
A3: ='Assessment sheet (ES)'!A3:B3 -> Year/Semester: II/IV | C3: ='Assessment sheet (ES)'!C3:D3 -> Branch/Section: CSE-/ A | F3: ='Assessment sheet (ES)'!F3:G3 -> Session: JAN-JUNE. 2025
A4: ='Assessment sheet (ES)'!A4:C4 -> Subject Code & Name: CS403 & Software Engg.
A5: Class Roll No. | B5: FirstName | C5: Enrollment No. | D5: Mid Sem Exam.
D6: (20)
D7: CO1 | E7: CO2 | F7: CO3 | G7: CO4 | H7: CO5
D8: 10 | E8: 10 | F8: 7 | G8: 7 | H8: 6
A9: 001 | B9: Aarchi Porwal | C9: 0157CS231001 | D9: 10 | E9: 9 | F9: 0 | G9: 0 | H9: 0
A10: 002 | B10: Aarti Pawar | C10: 0157CS231002 | D10: 8 | E10: 7 | F10: 0 | G10: 0 | H10: 0
A11: 003 | B11: Aatifa Firdous Ashrafi | C11: 0157CS231003 | D11: 9 | E11: 9 | F11: 0 | G11: 0 | H11: 0
A12: 004 | B12: Aayushi Gaur | C12: 0157CS231004 | D12: 0 | E12: 0 | F12: 6 | G12: 7 | H12: 6
A13: 005 | B13: Abhay Agrawal | C13: 0157CS231005 | D13: 7 | E13: 6 | F13: 7 | G13: 7 | H13: 5
A14: 006 | B14: Abhay Arya | C14: 0157CS231006 | D14: 8 | E14: 8 | F14: 0 | G14: 0 | H14: 0
A15: 007 | B15: Abhay Kumar Sharma | C15: 0157CS231007 | D15: 9 | E15: 3 | F15: 7 | G15: 7 | H15: 5
A16: 008 | B16: Abhay Raj | C16: 0157CS231008 | D16: 5 | E16: 7 | F16: 6 | G16: 6 | H16: 5
A17: 009 | B17: Abhi Jain | C17: 0157CS231009 | D17: 9 | E17: 10 | F17: 0 | G17: 0 | H17: 0
A18: 010 | B18: Abhijeet Batania | C18: 0157CS231010 | D18: 10 | E18: 10 | F18: 0 | G18: 0 | H18: 0
A19: 011 | B19: Abhijeet Singh Jadaun | C19: 0157CS231011 | D19: 9 | E19: 9 | F19: 0 | G19: 0 | H19: 0
A20: 012 | B20: Abhinav Adlak | C20: 0157CS231012 | D20: 8 | E20: 8 | F20: 0 | G20: 0 | H20: 0
... A92: 084 | B92: Harshdeep Jain | C92: 0157CS231084 | D92: 7 | E92: 6 | F92: 7 | G92: 6 | H92: 5

Sheet (F) Assessment sheet (QA)
A1: Lakshmi Narain College of Technology & Science , Bhopal
A2: Record of Assessment of Quiz/Assignment
A3: ='Assessment sheet (ES)'!A3:B3 -> Year/Semester: II/IV | C3: ='Assessment sheet (ES)'!C3:D3 -> Branch/Section: CSE-/ A | F3: ='Assessment sheet (ES)'!F3:G3 -> Session: JAN-JUNE. 2025
A4: ='Assessment sheet (ES)'!A4:C4 -> Subject Code & Name: CS403 & Software Engg.
A5: Class Roll No. | B5: FirstName | C5: Enrollment No. | D5: Quiz/Assignment (Th)
D6: (10)
D7: CO1 | E7: CO2 | F7: CO3 | G7: CO4 | H7: CO5
D8: 10 | E8: 10 | F8: 10 | G8: 10 | H8: 10
A9: 001 | B9: Aarchi Porwal | C9: 0157CS231001 | D9: 10 | E9: 10 | F9: 10 | G9: 10 | H9: 10 | I9: =D9+E9+F9+G9+H9 -> 50 | K9: =L9-I9 -> 0 | L9: =M9*5 -> 50 | M9: =F9+K9 -> 9
A10: 002 | B10: Aarti Pawar | C10: 0157CS231002 | D10: 9 | E10: 9 | F10: 9 | G10: 9 | H10: 9 | I10: =D10+E10+F10+G10+H10 -> 45 | K10: =L10-I10 -> 0 | L10: =M10*5 -> 50 | M10: =F10+K10 -> 10
A11: 003 | B11: Aatifa Firdous Ashrafi | C11: 0157CS231003 | D11: 8 | E11: 7 | F11: 8 | G11: 8 | H11: 8 | I11: =D11+E11+F11+G11+H11 -> 39 | K11: =L11-I11 -> 0 | L11: =M11*5 -> 50 | M11: =F11+K11 -> 10
A12: 004 | B12: Aayushi Gaur | C12: 0157CS231004 | D12: 8 | E12: 8 | F12: 8 | G12: 8 | H12: 8 | I12: =D12+E12+F12+G12+H12 -> 40 | K12: =L12-I12 -> 0 | L12: =M12*5 -> 50 | M12: =F12+K12 -> 9
A13: 005 | B13: Abhay Agrawal | C13: 0157CS231005 | D13: 7 | E13: 7 | F13: 7 | G13: 7 | H13: 7 | I13: =D13+E13+F13+G13+H13 -> 35 | K13: =L13-I13 -> 0 | L13: =M13*5 -> 50 | M13: =F13+K13 -> 10
A14: 006 | B14: Abhay Arya | C14: 0157CS231006 | D14: 8 | E14: 8 | F14: 8 | G14: 8 | H14: 8 | I14: =D14+E14+F14+G14+H14 -> 40 | K14: =L14-I14 -> 0 | L14: =M14*5 -> 50 | M14: =F14+K14 -> 10
A15: 007 | B15: Abhay Kumar Sharma | C15: 0157CS231007 | D15: 9 | E15: 9 | F15: 9 | G15: 9 | H15: 9 | I15: =D15+E15+F15+G15+H15 -> 45 | K15: =L15-I15 -> 0 | L15: =M15*5 -> 50 | M15: =F15+K15 -> 10
A16: 008 | B16: Abhay Raj | C16: 0157CS231008 | D16: 9 | E16: 9 | F16: 9 | G16: 9 | H16: 9 | I16: =D16+E16+F16+G16+H16 -> 45 | K16: =L16-I16 -> 0 | L16: =M16*5 -> 50 | M16: =F16+K16 -> 9
A17: 009 | B17: Abhi Jain | C17: 0157CS231009 | D17: 7 | E17: 7 | F17: 7 | G17: 7 | H17: 7 | I17: =D17+E17+F17+G17+H17 -> 35 | K17: =L17-I17 -> 0 | L17: =M17*5 -> 50 | M17: =F17+K17 -> 10
A18: 010 | B18: Abhijeet Batania | C18: 0157CS231010 | D18: 9 | E18: 9 | F18: 9 | G18: 9 | H18: 9 | I18: =D18+E18+F18+G18+H18 -> 45 | K18: =L18-I18 -> 0 | L18: =M18*5 -> 50 | M18: =F18+K18 -> 10
A19: 011 | B19: Abhijeet Singh Jadaun | C19: 0157CS231011 | D19: 8 | E19: 8 | F19: 8 | G19: 8 | H19: 8 | I19: =D19+E19+F19+G19+H19 -> 40 | K19: =L19-I19 -> 0 | L19: =M19*5 -> 50 | M19: =F19+K19 -> 10
A20: 012 | B20: Abhinav Adlak | C20: 0157CS231012 | D20: 8 | E20: 8 | F20: 8 | G20: 8 | H20: 8 | I20: =D20+E20+F20+G20+H20 -> 40 | K20: =L20-I20 -> 0 | L20: =M20*5 -> 50 | M20: =F20+K20 -> 10
... A87: 079 | B87: Gouransh Kumar Bain | C87: 0157CS231079 | D87: 4 | E87: 4 | F87: 4 | G87: 4 | H87: 4 | I87: =D87+E87+F87+G87+H87 -> 20 | K87: =L87-I87 -> 0 | L87: =M87*5 -> 50 | M87: =F87+K87 -> 4
A88: 080 | B88: Harsh Chouksey | C88: 0157CS231080 | D88: 9 | E88: 9 | F88: 9 | G88: 9 | H88: 8 | I88: =D88+E88+F88+G88+H88 -> 44 | L88: =M88*5 -> 45 | M88: 9
A89: 081 | B89: Harsh Raj Kourav | C89: 0157CS231081 | D89: 8 | E89: 8 | F89: 8 | G89: 7 | H89: 6 | I89: =D89+E89+F89+G89+H89 -> 37 | L89: =M89*5 -> 40 | M89: 8
A90: 082 | B90: Harsh Tiwari | C90: 0157CS231082 | D90: 8 | E90: 9 | F90: 9 | G90: 9 | H90: 9 | L90: =M90*5 -> 45 | M90: 9
A91: 083 | B91: Harsh Kanojiya | C91: 0157CS231083 | D91: 9 | E91: 9 | F91: 9 | G91: 9 | H91: 8 | L91: =M91*5 -> 45 | M91: 9
A92: 084 | B92: Harshdeep Jain | C92: 0157CS231084 | D92: 10 | E92: 10 | F92: 10 | G92: 10 | H92: 10 | L92: =M92*5 -> 50 | M92: 10

Sheet Assessment sheet (LWS)
A1: Lakshmi Narain College of Technology & Science , Bhopal
A2: Record of Assessment of Lab Work/Sessional
A3: ='Assessment sheet (ES)'!A3:B3 -> Year/Semester: II/IV | C3: ='Assessment sheet (ES)'!C3:D3 -> Branch/Section: CSE-/ A | F3: ='Assessment sheet (ES)'!F3:G3 -> Session: JAN-JUNE. 2025
A4: ='Assessment sheet (ES)'!A4:C4 -> Subject Code & Name: CS403 & Software Engg.
A5: Class Roll No. | B5: First Name | C5: Enrollment No. | D5: Lab Work & Sessional (P)
D6: (20)
D7: CO1 | E7: CO2 | F7: CO3 | G7: CO4 | H7: CO5 | J7: 7
D8: 10 | E8: 10 | F8: 10 | G8: 10 | H8: 10
A9: 001 | B9: Aarchi Porwal | C9: 0157CS231001 | D9: 8 | E9: 9 | F9: 9 | G9: 9 | H9: 7 | J9: =D9+E9+F9+G9+H9 -> 42 | K9: =L9-J9 -> 0.5 | L9: =N9*2.5 -> 42.5 | N9: 17
A10: 002 | B10: Aarti Pawar | C10: 0157CS231002 | D10: 10 | E10: 10 | F10: 10 | G10: 10 | H10: 10 | J10: =D10+E10+F10+G10+H10 -> 50 | K10: =L10-J10 -> 0 | L10: =N10*2.5 -> 50 | N10: 20
A11: 003 | B11: Aatifa Firdous Ashrafi | C11: 0157CS231003 | D11: 10 | E11: 10 | F11: 10 | G11: 10 | H11: 10 | J11: =D11+E11+F11+G11+H11 -> 50 | K11: =L11-J11 -> 0 | L11: =N11*2.5 -> 50 | N11: 20
A12: 004 | B12: Aayushi Gaur | C12: 0157CS231004 | D12: 8 | E12: 9 | F12: 9 | G12: 9 | H12: 7 | J12: =D12+E12+F12+G12+H12 -> 42 | K12: =L12-J12 -> 0.5 | L12: =N12*2.5 -> 42.5 | N12: 17
A13: 005 | B13: Abhay Agrawal | C13: 0157CS231005 | D13: 10 | E13: 10 | F13: 10 | G13: 10 | H13: 10 | J13: =D13+E13+F13+G13+H13 -> 50 | K13: =L13-J13 -> 0 | L13: =N13*2.5 -> 50 | N13: 20
A14: 006 | B14: Abhay Arya | C14: 0157CS231006 | D14: 10 | E14: 10 | F14: 10 | G14: 10 | H14: 10 | J14: =D14+E14+F14+G14+H14 -> 50 | K14: =L14-J14 -> 0 | L14: =N14*2.5 -> 50 | N14: 20
A15: 007 | B15: Abhay Kumar Sharma | C15: 0157CS231007 | D15: 10 | E15: 10 | F15: 10 | G15: 10 | H15: 10 | J15: =D15+E15+F15+G15+H15 -> 50 | K15: =L15-J15 -> 0 | L15: =N15*2.5 -> 50 | N15: 20
A16: 008 | B16: Abhay Raj | C16: 0157CS231008 | D16: 8 | E16: 9 | F16: 9 | G16: 9 | H16: 7 | J16: =D16+E16+F16+G16+H16 -> 42 | K16: =L16-J16 -> 0.5 | L16: =N16*2.5 -> 42.5 | N16: 17
A17: 009 | B17: Abhi Jain | C17: 0157CS231009 | D17: 10 | E17: 10 | F17: 10 | G17: 10 | H17: 10 | J17: =D17+E17+F17+G17+H17 -> 50 | K17: =L17-J17 -> 0 | L17: =N17*2.5 -> 50 | N17: 20
A18: 010 | B18: Abhijeet Batania | C18: 0157CS231010 | D18: 10 | E18: 10 | F18: 10 | G18: 10 | H18: 10 | J18: =D18+E18+F18+G18+H18 -> 50 | K18: =L18-J18 -> 0 | L18: =N18*2.5 -> 50 | N18: 20
A19: 011 | B19: Abhijeet Singh Jadaun | C19: 0157CS231011 | D19: 10 | E19: 10 | F19: 10 | G19: 10 | H19: 10 | J19: =D19+E19+F19+G19+H19 -> 50 | K19: =L19-J19 -> 0 | L19: =N19*2.5 -> 50 | N19: 20
A20: 012 | B20: Abhinav Adlak | C20: 0157CS231012 | D20: 10 | E20: 10 | F20: 10 | G20: 10 | H20: 10 | J20: =D20+E20+F20+G20+H20 -> 50 | K20: =L20-J20 -> 0 | L20: =N20*2.5 -> 50 | N20: 20
... A75: 067 | B75: Devanshu Kushwah | C75: 0157CS231067 | D75: 8 | E75: 9 | F75: 9 | G75: 9 | H75: 7 | J75: =D75+E75+F75+G75+H75 -> 42 | K75: =L75-J75 -> 0.5 | L75: =N75*2.5 -> 42.5 | N75: 17
A76: 068 | B76: Devendra Bankhede | C76: 0157CS231068 | D76: 8 | E76: 9 | F76: 9 | G76: 9 | H76: 7 | J76: =D76+E76+F76+G76+H76 -> 42 | K76: =L76-J76 -> 0.5 | L76: =N76*2.5 -> 42.5 | N76: 17 | O76: ='Assessment sheet (ES)'!Q76 -> 0 | P76: ='Assessment sheet (ES)'!R76 -> 0 | W76: ='Assessment sheet (ES)'!Y76 -> 0 | X76: ='Assessment sheet (ES)'!Z76 -> 0 | AE76: ='Assessment sheet (ES)'!AG76 -> 0 | AF76: ='Assessment sheet (ES)'!AH76 -> 0 | AM76: ='Assessment sheet (ES)'!AO76 -> 0 | AN76: ='Assessment sheet (ES)'!AP76 -> 0 | AU76: ='Assessment sheet (ES)'!AW76 -> 0 | AV76: ='Assessment sheet (ES)'!AX76 -> 0 | BC76: ='Assessment sheet (ES)'!BE76 -> 0 | BD76: ='Assessment sheet (ES)'!BF76 -> 0 | BK76: ='Assessment sheet (ES)'!BM76 -> 0 | BL76: ='Assessment sheet (ES)'!BN76 -> 0 | BS76: ='Assessment sheet (ES)'!BU76 -> 0 | BT76: ='Assessment sheet (ES)'!BV76 -> 0 | CA76: ='Assessment sheet (ES)'!CC76 -> 0 | CB76: ='Assessment sheet (ES)'!CD76 -> 0 | CI76: ='Assessment sheet (ES)'!CK76 -> 0 | CJ76: ='Assessment sheet (ES)'!CL76 -> 0 | CQ76: ='Assessment sheet (ES)'!CS76 -> 0 | CR76: ='Assessment sheet (ES)'!CT76 -> 0 | CY76: ='Assessment sheet (ES)'!DA76 -> 0 | CZ76: ='Assessment sheet (ES)'!DB76 -> 0 | DG76: ='Assessment sheet (ES)'!DI76 -> 0 | DH76: ='Assessment sheet (ES)'!DJ76 -> 0 | DO76: ='Assessment sheet (ES)'!DQ76 -> 0 | DP76: ='Assessment sheet (ES)'!DR76 -> 0 | DW76: ='Assessment sheet (ES)'!DY76 -> 0 | DX76: ='Assessment sheet (ES)'!DZ76 -> 0 | EE76: ='Assessment sheet (ES)'!EG76 -> 0 | EF76: ='Assessment sheet (ES)'!EH76 -> 0 | EM76: ='Assessment sheet (ES)'!EO76 -> 0 | EN76: ='Assessment sheet (ES)'!EP76 -> 0 | EU76: ='Assessment sheet (ES)'!EW76 -> 0 | EV76: ='Assessment sheet (ES)'!EX76 -> 0 | FC76: ='Assessment sheet (ES)'!FE76 -> 0 | FD76: ='Assessment sheet (ES)'!FF76 -> 0 | FK76: ='Assessment sheet (ES)'!FM76 -> 0 | FL76: ='Assessment sheet (ES)'!FN76 -> 0 | FS76: ='Assessment sheet (ES)'!FU76 -> 0 | FT76: ='Assessment sheet (ES)'!FV76 -> 0 | GA76: ='Assessment sheet (ES)'!GC76 -> 0 | GB76: ='Assessment sheet (ES)'!GD76 -> 0 | GI76: ='Assessment sheet (ES)'!GK76 -> 0 | GJ76: ='Assessment sheet (ES)'!GL76 -> 0 | GQ76: ='Assessment sheet (ES)'!GS76 -> 0 | GR76: ='Assessment sheet (ES)'!GT76 -> 0 | GY76: ='Assessment sheet (ES)'!HA76 -> 0 | GZ76: ='Assessment sheet (ES)'!HB76 -> 0 | HG76: ='Assessment sheet (ES)'!HI76 -> 0 | HH76: ='Assessment sheet (ES)'!HJ76 -> 0 | HO76: ='Assessment sheet (ES)'!HQ76 -> 0 | HP76: ='Assessment sheet (ES)'!HR76 -> 0 | HW76: ='Assessment sheet (ES)'!HY76 -> 0 | HX76: ='Assessment sheet (ES)'!HZ76 -> 0 | IE76: ='Assessment sheet (ES)'!IG76 -> 0 | IF76: ='Assessment sheet (ES)'!IH76 -> 0 | IM76: ='Assessment sheet (ES)'!IO76 -> 0 | IN76: ='Assessment sheet (ES)'!IP76 -> 0 | IU76: ='Assessment sheet (ES)'!IW76 -> 0 | IV76: ='Assessment sheet (ES)'!IX76 -> 0 | JC76: ='Assessment sheet (ES)'!JE76 -> 0 | JD76: ='Assessment sheet (ES)'!JF76 -> 0 | JK76: ='Assessment sheet (ES)'!JM76 -> 0 | JL76: ='Assessment sheet (ES)'!JN76 -> 0 | JS76: ='Assessment sheet (ES)'!JU76 -> 0 | JT76: ='Assessment sheet (ES)'!JV76 -> 0 | KA76: ='Assessment sheet (ES)'!KC76 -> 0 | KB76: ='Assessment sheet (ES)'!KD76 -> 0 | KI76: ='Assessment sheet (ES)'!KK76 -> 0 | KJ76: ='Assessment sheet (ES)'!KL76 -> 0 | KQ76: ='Assessment sheet (ES)'!KS76 -> 0 | KR76: ='Assessment sheet (ES)'!KT76 -> 0 | KY76: ='Assessment sheet (ES)'!LA76 -> 0 | KZ76: ='Assessment sheet (ES)'!LB76 -> 0 | LG76: ='Assessment sheet (ES)'!LI76 -> 0 | LH76: ='Assessment sheet (ES)'!LJ76 -> 0 | LO76: ='Assessment sheet (ES)'!LQ76 -> 0 | LP76: ='Assessment sheet (ES)'!LR76 -> 0 | LW76: ='Assessment sheet (ES)'!LY76 -> 0 | LX76: ='Assessment sheet (ES)'!LZ76 -> 0 | ME76: ='Assessment sheet (ES)'!MG76 -> 0 | MF76: ='Assessment sheet (ES)'!MH76 -> 0 | MM76: ='Assessment sheet (ES)'!MO76 -> 0 | MN76: ='Assessment sheet (ES)'!MP76 -> 0 | MU76: ='Assessment sheet (ES)'!MW76 -> 0 | MV76: ='Assessment sheet (ES)'!MX76 -> 0 | NC76: ='Assessment sheet (ES)'!NE76 -> 0 | ND76: ='Assessment sheet (ES)'!NF76 -> 0 | NK76: ='Assessment sheet (ES)'!NM76 -> 0 | NL76: ='Assessment sheet (ES)'!NN76 -> 0 | NS76: ='Assessment sheet (ES)'!NU76 -> 0 | NT76: ='Assessment sheet (ES)'!NV76 -> 0 | OA76: ='Assessment sheet (ES)'!OC76 -> 0 | OB76: ='Assessment sheet (ES)'!OD76 -> 0 | OI76: ='Assessment sheet (ES)'!OK76 -> 0 | OJ76: ='Assessment sheet (ES)'!OL76 -> 0 | OQ76: ='Assessment sheet (ES)'!OS76 -> 0 | OR76: ='Assessment sheet (ES)'!OT76 -> 0 | OY76: ='Assessment sheet (ES)'!PA76 -> 0 | OZ76: ='Assessment sheet (ES)'!PB76 -> 0 | PG76: ='Assessment sheet (ES)'!PI76 -> 0 | PH76: ='Assessment sheet (ES)'!PJ76 -> 0 | PO76: ='Assessment sheet (ES)'!PQ76 -> 0 | PP76: ='Assessment sheet (ES)'!PR76 -> 0 | PW76: ='Assessment sheet (ES)'!PY76 -> 0 | PX76: ='Assessment sheet (ES)'!PZ76 -> 0 | QE76: ='Assessment sheet (ES)'!QG76 -> 0 | QF76: ='Assessment sheet (ES)'!QH76 -> 0 | QM76: ='Assessment sheet (ES)'!QO76 -> 0 | QN76: ='Assessment sheet (ES)'!QP76 -> 0 | QU76: ='Assessment sheet (ES)'!QW76 -> 0 | QV76: ='Assessment sheet (ES)'!QX76 -> 0 | RC76: ='Assessment sheet (ES)'!RE76 -> 0 | RD76: ='Assessment sheet (ES)'!RF76 -> 0 | RK76: ='Assessment sheet (ES)'!RM76 -> 0 | RL76: ='Assessment sheet (ES)'!RN76 -> 0 | RS76: ='Assessment sheet (ES)'!RU76 -> 0 | RT76: ='Assessment sheet (ES)'!RV76 -> 0 | SA76: ='Assessment sheet (ES)'!SC76 -> 0 | SB76: ='Assessment sheet (ES)'!SD76 -> 0 | SI76: ='Assessment sheet (ES)'!SK76 -> 0 | SJ76: ='Assessment sheet (ES)'!SL76 -> 0 | SQ76: ='Assessment sheet (ES)'!SS76 -> 0 | SR76: ='Assessment sheet (ES)'!ST76 -> 0 | SY76: ='Assessment sheet (ES)'!TA76 -> 0 | SZ76: ='Assessment sheet (ES)'!TB76 -> 0 | TG76: ='Assessment sheet (ES)'!TI76 -> 0 | TH76: ='Assessment sheet (ES)'!TJ76 -> 0 | TO76: ='Assessment sheet (ES)'!TQ76 -> 0 | TP76: ='Assessment sheet (ES)'!TR76 -> 0 | TW76: ='Assessment sheet (ES)'!TY76 -> 0 | TX76: ='Assessment sheet (ES)'!TZ76 -> 0 | UE76: ='Assessment sheet (ES)'!UG76 -> 0 | UF76: ='Assessment sheet (ES)'!UH76 -> 0 | UM76: ='Assessment sheet (ES)'!UO76 -> 0 | UN76: ='Assessment sheet (ES)'!UP76 -> 0 | UU76: ='Assessment sheet (ES)'!UW76 -> 0 | UV76: ='Assessment sheet (ES)'!UX76 -> 0 | VC76: ='Assessment sheet (ES)'!VE76 -> 0 | VD76: ='Assessment sheet (ES)'!VF76 -> 0 | VK76: ='Assessment sheet (ES)'!VM76 -> 0 | VL76: ='Assessment sheet (ES)'!VN76 -> 0 | VS76: ='Assessment sheet (ES)'!VU76 -> 0 | VT76: ='Assessment sheet (ES)'!VV76 -> 0 | WA76: ='Assessment sheet (ES)'!WC76 -> 0 | WB76: ='Assessment sheet (ES)'!WD76 -> 0 | WI76: ='Assessment sheet (ES)'!WK76 -> 0 | WJ76: ='Assessment sheet (ES)'!WL76 -> 0 | WQ76: ='Assessment sheet (ES)'!WS76 -> 0 | WR76: ='Assessment sheet (ES)'!WT76 -> 0 | WY76: ='Assessment sheet (ES)'!XA76 -> 0 | WZ76: ='Assessment sheet (ES)'!XB76 -> 0 | XG76: ='Assessment sheet (ES)'!XI76 -> 0 | XH76: ='Assessment sheet (ES)'!XJ76 -> 0 | XO76: ='Assessment sheet (ES)'!XQ76 -> 0 | XP76: ='Assessment sheet (ES)'!XR76 -> 0 | XW76: ='Assessment sheet (ES)'!XY76 -> 0 | XX76: ='Assessment sheet (ES)'!XZ76 -> 0 | YE76: ='Assessment sheet (ES)'!YG76 -> 0 | YF76: ='Assessment sheet (ES)'!YH76 -> 0 | YM76: ='Assessment sheet (ES)'!YO76 -> 0 | YN76: ='Assessment sheet (ES)'!YP76 -> 0 | YU76: ='Assessment sheet (ES)'!YW76 -> 0 | YV76: ='Assessment sheet (ES)'!YX76 -> 0 | ZC76: ='Assessment sheet (ES)'!ZE76 -> 0 | ZD76: ='Assessment sheet (ES)'!ZF76 -> 0 | ZK76: ='Assessment sheet (ES)'!ZM76 -> 0 | ZL76: ='Assessment sheet (ES)'!ZN76 -> 0 | ZS76: ='Assessment sheet (ES)'!ZU76 -> 0 | ZT76: ='Assessment sheet (ES)'!ZV76 -> 0 | AAA76: ='Assessment sheet (ES)'!AAC76 -> 0 | AAB76: ='Assessment sheet (ES)'!AAD76 -> 0 | AAI76: ='Assessment sheet (ES)'!AAK76 -> 0 | AAJ76: ='Assessment sheet (ES)'!AAL76 -> 0 | AAQ76: ='Assessment sheet (ES)'!AAS76 -> 0 | AAR76: ='Assessment sheet (ES)'!AAT76 -> 0 | AAY76: ='Assessment sheet (ES)'!ABA76 -> 0 | AAZ76: ='Assessment sheet (ES)'!ABB76 -> 0 | ABG76: ='Assessment sheet (ES)'!ABI76 -> 0 | ABH76: ='Assessment sheet (ES)'!ABJ76 -> 0 | ABO76: ='Assessment sheet (ES)'!ABQ76 -> 0 | ABP76: ='Assessment sheet (ES)'!ABR76 -> 0 | ABW76: ='Assessment sheet (ES)'!ABY76 -> 0 | ABX76: ='Assessment sheet (ES)'!ABZ76 -> 0 | ACE76: ='Assessment sheet (ES)'!ACG76 -> 0 | ACF76: ='Assessment sheet (ES)'!ACH76 -> 0 | ACM76: ='Assessment sheet (ES)'!ACO76 -> 0 | ACN76: ='Assessment sheet (ES)'!ACP76 -> 0 | ACU76: ='Assessment sheet (ES)'!ACW76 -> 0 | ACV76: ='Assessment sheet (ES)'!ACX76 -> 0 | ADC76: ='Assessment sheet (ES)'!ADE76 -> 0 | ADD76: ='Assessment sheet (ES)'!ADF76 -> 0 | ADK76: ='Assessment sheet (ES)'!ADM76 -> 0 | ADL76: ='Assessment sheet (ES)'!ADN76 -> 0 | ADS76: ='Assessment sheet (ES)'!ADU76 -> 0 | ADT76: ='Assessment sheet (ES)'!ADV76 -> 0 | AEA76: ='Assessment sheet (ES)'!AEC76 -> 0 | AEB76: ='Assessment sheet (ES)'!AED76 -> 0 | AEI76: ='Assessment sheet (ES)'!AEK76 -> 0 | AEJ76: ='Assessment sheet (ES)'!AEL76 -> 0 | AEQ76: ='Assessment sheet (ES)'!AES76 -> 0 | AER76: ='Assessment sheet (ES)'!AET76 -> 0 | AEY76: ='Assessment sheet (ES)'!AFA76 -> 0 | AEZ76: ='Assessment sheet (ES)'!AFB76 -> 0 | AFG76: ='Assessment sheet (ES)'!AFI76 -> 0 | AFH76: ='Assessment sheet (ES)'!AFJ76 -> 0 | AFO76: ='Assessment sheet (ES)'!AFQ76 -> 0 | AFP76: ='Assessment sheet (ES)'!AFR76 -> 0 | AFW76: ='Assessment sheet (ES)'!AFY76 -> 0 | AFX76: ='Assessment sheet (ES)'!AFZ76 -> 0 | AGE76: ='Assessment sheet (ES)'!AGG76 -> 0 | AGF76: ='Assessment sheet (ES)'!AGH76 -> 0 | AGM76: ='Assessment sheet (ES)'!AGO76 -> 0 | AGN76: ='Assessment sheet (ES)'!AGP76 -> 0 | AGU76: ='Assessment sheet (ES)'!AGW76 -> 0 | AGV76: ='Assessment sheet (ES)'!AGX76 -> 0 | AHC76: ='Assessment sheet (ES)'!AHE76 -> 0 | AHD76: ='Assessment sheet (ES)'!AHF76 -> 0 | AHK76: ='Assessment sheet (ES)'!AHM76 -> 0 | AHL76: ='Assessment sheet (ES)'!AHN76 -> 0 | AHS76: ='Assessment sheet (ES)'!AHU76 -> 0 | AHT76: ='Assessment sheet (ES)'!AHV76 -> 0 | AIA76: ='Assessment sheet (ES)'!AIC76 -> 0 | AIB76: ='Assessment sheet (ES)'!AID76 -> 0 | AII76: ='Assessment sheet (ES)'!AIK76 -> 0 | AIJ76: ='Assessment sheet (ES)'!AIL76 -> 0 | AIQ76: ='Assessment sheet (ES)'!AIS76 -> 0 | AIR76: ='Assessment sheet (ES)'!AIT76 -> 0 | AIY76: ='Assessment sheet (ES)'!AJA76 -> 0 | AIZ76: ='Assessment sheet (ES)'!AJB76 -> 0 | AJG76: ='Assessment sheet (ES)'!AJI76 -> 0 | AJH76: ='Assessment sheet (ES)'!AJJ76 -> 0 | AJO76: ='Assessment sheet (ES)'!AJQ76 -> 0 | AJP76: ='Assessment sheet (ES)'!AJR76 -> 0 | AJW76: ='Assessment sheet (ES)'!AJY76 -> 0 | AJX76: ='Assessment sheet (ES)'!AJZ76 -> 0 | AKE76: ='Assessment sheet (ES)'!AKG76 -> 0 | AKF76: ='Assessment sheet (ES)'!AKH76 -> 0 | AKM76: ='Assessment sheet (ES)'!AKO76 -> 0 | AKN76: ='Assessment sheet (ES)'!AKP76 -> 0 | AKU76: ='Assessment sheet (ES)'!AKW76 -> 0 | AKV76: ='Assessment sheet (ES)'!AKX76 -> 0 | ALC76: ='Assessment sheet (ES)'!ALE76 -> 0 | ALD76: ='Assessment sheet (ES)'!ALF76 -> 0 | ALK76: ='Assessment sheet (ES)'!ALM76 -> 0 | ALL76: ='Assessment sheet (ES)'!ALN76 -> 0 | ALS76: ='Assessment sheet (ES)'!ALU76 -> 0 | ALT76: ='Assessment sheet (ES)'!ALV76 -> 0 | AMA76: ='Assessment sheet (ES)'!AMC76 -> 0 | AMB76: ='Assessment sheet (ES)'!AMD76 -> 0 | AMI76: ='Assessment sheet (ES)'!AMK76 -> 0 | AMJ76: ='Assessment sheet (ES)'!AML76 -> 0 | AMQ76: ='Assessment sheet (ES)'!AMS76 -> 0 | AMR76: ='Assessment sheet (ES)'!AMT76 -> 0 | AMY76: ='Assessment sheet (ES)'!ANA76 -> 0 | AMZ76: ='Assessment sheet (ES)'!ANB76 -> 0 | ANG76: ='Assessment sheet (ES)'!ANI76 -> 0 | ANH76: ='Assessment sheet (ES)'!ANJ76 -> 0 | ANO76: ='Assessment sheet (ES)'!ANQ76 -> 0 | ANP76: ='Assessment sheet (ES)'!ANR76 -> 0 | ANW76: ='Assessment sheet (ES)'!ANY76 -> 0 | ANX76: ='Assessment sheet (ES)'!ANZ76 -> 0 | AOE76: ='Assessment sheet (ES)'!AOG76 -> 0 | AOF76: ='Assessment sheet (ES)'!AOH76 -> 0 | AOM76: ='Assessment sheet (ES)'!AOO76 -> 0 | AON76: ='Assessment sheet (ES)'!AOP76 -> 0 | AOU76: ='Assessment sheet (ES)'!AOW76 -> 0 | AOV76: ='Assessment sheet (ES)'!AOX76 -> 0 | APC76: ='Assessment sheet (ES)'!APE76 -> 0 | APD76: ='Assessment sheet (ES)'!APF76 -> 0 | APK76: ='Assessment sheet (ES)'!APM76 -> 0 | APL76: ='Assessment sheet (ES)'!APN76 -> 0 | APS76: ='Assessment sheet (ES)'!APU76 -> 0 | APT76: ='Assessment sheet (ES)'!APV76 -> 0 | AQA76: ='Assessment sheet (ES)'!AQC76 -> 0 | AQB76: ='Assessment sheet (ES)'!AQD76 -> 0 | AQI76: ='Assessment sheet (ES)'!AQK76 -> 0 | AQJ76: ='Assessment sheet (ES)'!AQL76 -> 0 | AQQ76: ='Assessment sheet (ES)'!AQS76 -> 0 | AQR76: ='Assessment sheet (ES)'!AQT76 -> 0 | AQY76: ='Assessment sheet (ES)'!ARA76 -> 0 | AQZ76: ='Assessment sheet (ES)'!ARB76 -> 0 | ARG76: ='Assessment sheet (ES)'!ARI76 -> 0 | ARH76: ='Assessment sheet (ES)'!ARJ76 -> 0 | ARO76: ='Assessment sheet (ES)'!ARQ76 -> 0 | ARP76: ='Assessment sheet (ES)'!ARR76 -> 0 | ARW76: ='Assessment sheet (ES)'!ARY76 -> 0 | ARX76: ='Assessment sheet (ES)'!ARZ76 -> 0 | ASE76: ='Assessment sheet (ES)'!ASG76 -> 0 | ASF76: ='Assessment sheet (ES)'!ASH76 -> 0 | ASM76: ='Assessment sheet (ES)'!ASO76 -> 0 | ASN76: ='Assessment sheet (ES)'!ASP76 -> 0 | ASU76: ='Assessment sheet (ES)'!ASW76 -> 0 | ASV76: ='Assessment sheet (ES)'!ASX76 -> 0 | ATC76: ='Assessment sheet (ES)'!ATE76 -> 0 | ATD76: ='Assessment sheet (ES)'!ATF76 -> 0 | ATK76: ='Assessment sheet (ES)'!ATM76 -> 0 | ATL76: ='Assessment sheet (ES)'!ATN76 -> 0 | ATS76: ='Assessment sheet (ES)'!ATU76 -> 0 | ATT76: ='Assessment sheet (ES)'!ATV76 -> 0 | AUA76: ='Assessment sheet (ES)'!AUC76 -> 0 | AUB76: ='Assessment sheet (ES)'!AUD76 -> 0 | AUI76: ='Assessment sheet (ES)'!AUK76 -> 0 | AUJ76: ='Assessment sheet (ES)'!AUL76 -> 0 | AUQ76: ='Assessment sheet (ES)'!AUS76 -> 0 | AUR76: ='Assessment sheet (ES)'!AUT76 -> 0 | AUY76: ='Assessment sheet (ES)'!AVA76 -> 0 | AUZ76: ='Assessment sheet (ES)'!AVB76 -> 0 | AVG76: ='Assessment sheet (ES)'!AVI76 -> 0 | AVH76: ='Assessment sheet (ES)'!AVJ76 -> 0 | AVO76: ='Assessment sheet (ES)'!AVQ76 -> 0 | AVP76: ='Assessment sheet (ES)'!AVR76 -> 0 | AVW76: ='Assessment sheet (ES)'!AVY76 -> 0 | AVX76: ='Assessment sheet (ES)'!AVZ76 -> 0 | AWE76: ='Assessment sheet (ES)'!AWG76 -> 0 | AWF76: ='Assessment sheet (ES)'!AWH76 -> 0 | AWM76: ='Assessment sheet (ES)'!AWO76 -> 0 | AWN76: ='Assessment sheet (ES)'!AWP76 -> 0 | AWU76: ='Assessment sheet (ES)'!AWW76 -> 0 | AWV76: ='Assessment sheet (ES)'!AWX76 -> 0 | AXC76: ='Assessment sheet (ES)'!AXE76 -> 0 | AXD76: ='Assessment sheet (ES)'!AXF76 -> 0 | AXK76: ='Assessment sheet (ES)'!AXM76 -> 0 | AXL76: ='Assessment sheet (ES)'!AXN76 -> 0 | AXS76: ='Assessment sheet (ES)'!AXU76 -> 0 | AXT76: ='Assessment sheet (ES)'!AXV76 -> 0 | AYA76: ='Assessment sheet (ES)'!AYC76 -> 0 | AYB76: ='Assessment sheet (ES)'!AYD76 -> 0 | AYI76: ='Assessment sheet (ES)'!AYK76 -> 0 | AYJ76: ='Assessment sheet (ES)'!AYL76 -> 0 | AYQ76: ='Assessment sheet (ES)'!AYS76 -> 0 | AYR76: ='Assessment sheet (ES)'!AYT76 -> 0 | AYY76: ='Assessment sheet (ES)'!AZA76 -> 0 | AYZ76: ='Assessment sheet (ES)'!AZB76 -> 0 | AZG76: ='Assessment sheet (ES)'!AZI76 -> 0 | AZH76: ='Assessment sheet (ES)'!AZJ76 -> 0 | AZO76: ='Assessment sheet (ES)'!AZQ76 -> 0 | AZP76: ='Assessment sheet (ES)'!AZR76 -> 0 | AZW76: ='Assessment sheet (ES)'!AZY76 -> 0 | AZX76: ='Assessment sheet (ES)'!AZZ76 -> 0 | BAE76: ='Assessment sheet (ES)'!BAG76 -> 0 | BAF76: ='Assessment sheet (ES)'!BAH76 -> 0 | BAM76: ='Assessment sheet (ES)'!BAO76 -> 0 | BAN76: ='Assessment sheet (ES)'!BAP76 -> 0 | BAU76: ='Assessment sheet (ES)'!BAW76 -> 0 | BAV76: ='Assessment sheet (ES)'!BAX76 -> 0 | BBC76: ='Assessment sheet (ES)'!BBE76 -> 0 | BBD76: ='Assessment sheet (ES)'!BBF76 -> 0 | BBK76: ='Assessment sheet (ES)'!BBM76 -> 0 | BBL76: ='Assessment sheet (ES)'!BBN76 -> 0 | BBS76: ='Assessment sheet (ES)'!BBU76 -> 0 | BBT76: ='Assessment sheet (ES)'!BBV76 -> 0 | BCA76: ='Assessment sheet (ES)'!BCC76 -> 0 | BCB76: ='Assessment sheet (ES)'!BCD76 -> 0 | BCI76: ='Assessment sheet (ES)'!BCK76 -> 0 | BCJ76: ='Assessment sheet (ES)'!BCL76 -> 0 | BCQ76: ='Assessment sheet (ES)'!BCS76 -> 0 | BCR76: ='Assessment sheet (ES)'!BCT76 -> 0 | BCY76: ='Assessment sheet (ES)'!BDA76 -> 0 | BCZ76: ='Assessment sheet (ES)'!BDB76 -> 0 | BDG76: ='Assessment sheet (ES)'!BDI76 -> 0 | BDH76: ='Assessment sheet (ES)'!BDJ76 -> 0 | BDO76: ='Assessment sheet (ES)'!BDQ76 -> 0 | BDP76: ='Assessment sheet (ES)'!BDR76 -> 0 | BDW76: ='Assessment sheet (ES)'!BDY76 -> 0 | BDX76: ='Assessment sheet (ES)'!BDZ76 -> 0 | BEE76: ='Assessment sheet (ES)'!BEG76 -> 0 | BEF76: ='Assessment sheet (ES)'!BEH76 -> 0 | BEM76: ='Assessment sheet (ES)'!BEO76 -> 0 | BEN76: ='Assessment sheet (ES)'!BEP76 -> 0 | BEU76: ='Assessment sheet (ES)'!BEW76 -> 0 | BEV76: ='Assessment sheet (ES)'!BEX76 -> 0 | BFC76: ='Assessment sheet (ES)'!BFE76 -> 0 | BFD76: ='Assessment sheet (ES)'!BFF76 -> 0 | BFK76: ='Assessment sheet (ES)'!BFM76 -> 0 | BFL76: ='Assessment sheet (ES)'!BFN76 -> 0 | BFS76: ='Assessment sheet (ES)'!BFU76 -> 0 | BFT76: ='Assessment sheet (ES)'!BFV76 -> 0 | BGA76: ='Assessment sheet (ES)'!BGC76 -> 0 | BGB76: ='Assessment sheet (ES)'!BGD76 -> 0 | BGI76: ='Assessment sheet (ES)'!BGK76 -> 0 | BGJ76: ='Assessment sheet (ES)'!BGL76 -> 0 | BGQ76: ='Assessment sheet (ES)'!BGS76 -> 0 | BGR76: ='Assessment sheet (ES)'!BGT76 -> 0 | BGY76: ='Assessment sheet (ES)'!BHA76 -> 0 | BGZ76: ='Assessment sheet (ES)'!BHB76 -> 0 | BHG76: ='Assessment sheet (ES)'!BHI76 -> 0 | BHH76: ='Assessment sheet (ES)'!BHJ76 -> 0 | BHO76: ='Assessment sheet (ES)'!BHQ76 -> 0 | BHP76: ='Assessment sheet (ES)'!BHR76 -> 0 | BHW76: ='Assessment sheet (ES)'!BHY76 -> 0 | BHX76: ='Assessment sheet (ES)'!BHZ76 -> 0 | BIE76: ='Assessment sheet (ES)'!BIG76 -> 0 | BIF76: ='Assessment sheet (ES)'!BIH76 -> 0 | BIM76: ='Assessment sheet (ES)'!BIO76 -> 0 | BIN76: ='Assessment sheet (ES)'!BIP76 -> 0 | BIU76: ='Assessment sheet (ES)'!BIW76 -> 0 | BIV76: ='Assessment sheet (ES)'!BIX76 -> 0 | BJC76: ='Assessment sheet (ES)'!BJE76 -> 0 | BJD76: ='Assessment sheet (ES)'!BJF76 -> 0 | BJK76: ='Assessment sheet (ES)'!BJM76 -> 0 | BJL76: ='Assessment sheet (ES)'!BJN76 -> 0 | BJS76: ='Assessment sheet (ES)'!BJU76 -> 0 | BJT76: ='Assessment sheet (ES)'!BJV76 -> 0 | BKA76: ='Assessment sheet (ES)'!BKC76 -> 0 | BKB76: ='Assessment sheet (ES)'!BKD76 -> 0 | BKI76: ='Assessment sheet (ES)'!BKK76 -> 0 | BKJ76: ='Assessment sheet (ES)'!BKL76 -> 0 | BKQ76: ='Assessment sheet (ES)'!BKS76 -> 0 | BKR76: ='Assessment sheet (ES)'!BKT76 -> 0 | BKY76: ='Assessment sheet (ES)'!BLA76 -> 0 | BKZ76: ='Assessment sheet (ES)'!BLB76 -> 0 | BLG76: ='Assessment sheet (ES)'!BLI76 -> 0 | BLH76: ='Assessment sheet (ES)'!BLJ76 -> 0 | BLO76: ='Assessment sheet (ES)'!BLQ76 -> 0 | BLP76: ='Assessment sheet (ES)'!BLR76 -> 0 | BLW76: ='Assessment sheet (ES)'!BLY76 -> 0 | BLX76: ='Assessment sheet (ES)'!BLZ76 -> 0 | BME76: ='Assessment sheet (ES)'!BMG76 -> 0 | BMF76: ='Assessment sheet (ES)'!BMH76 -> 0 | BMM76: ='Assessment sheet (ES)'!BMO76 -> 0 | BMN76: ='Assessment sheet (ES)'!BMP76 -> 0 | BMU76: ='Assessment sheet (ES)'!BMW76 -> 0 | BMV76: ='Assessment sheet (ES)'!BMX76 -> 0 | BNC76: ='Assessment sheet (ES)'!BNE76 -> 0 | BND76: ='Assessment sheet (ES)'!BNF76 -> 0 | BNK76: ='Assessment sheet (ES)'!BNM76 -> 0 | BNL76: ='Assessment sheet (ES)'!BNN76 -> 0 | BNS76: ='Assessment sheet (ES)'!BNU76 -> 0 | BNT76: ='Assessment sheet (ES)'!BNV76 -> 0 | BOA76: ='Assessment sheet (ES)'!BOC76 -> 0 | BOB76: ='Assessment sheet (ES)'!BOD76 -> 0 | BOI76: ='Assessment sheet (ES)'!BOK76 -> 0 | BOJ76: ='Assessment sheet (ES)'!BOL76 -> 0 | BOQ76: ='Assessment sheet (ES)'!BOS76 -> 0 | BOR76: ='Assessment sheet (ES)'!BOT76 -> 0 | BOY76: ='Assessment sheet (ES)'!BPA76 -> 0 | BOZ76: ='Assessment sheet (ES)'!BPB76 -> 0 | BPG76: ='Assessment sheet (ES)'!BPI76 -> 0 | BPH76: ='Assessment sheet (ES)'!BPJ76 -> 0 | BPO76: ='Assessment sheet (ES)'!BPQ76 -> 0 | BPP76: ='Assessment sheet (ES)'!BPR76 -> 0 | BPW76: ='Assessment sheet (ES)'!BPY76 -> 0 | BPX76: ='Assessment sheet (ES)'!BPZ76 -> 0 | BQE76: ='Assessment sheet (ES)'!BQG76 -> 0 | BQF76: ='Assessment sheet (ES)'!BQH76 -> 0 | BQM76: ='Assessment sheet (ES)'!BQO76 -> 0 | BQN76: ='Assessment sheet (ES)'!BQP76 -> 0 | BQU76: ='Assessment sheet (ES)'!BQW76 -> 0 | BQV76: ='Assessment sheet (ES)'!BQX76 -> 0 | BRC76: ='Assessment sheet (ES)'!BRE76 -> 0 | BRD76: ='Assessment sheet (ES)'!BRF76 -> 0 | BRK76: ='Assessment sheet (ES)'!BRM76 -> 0 | BRL76: ='Assessment sheet (ES)'!BRN76 -> 0 | BRS76: ='Assessment sheet (ES)'!BRU76 -> 0 | BRT76: ='Assessment sheet (ES)'!BRV76 -> 0 | BSA76: ='Assessment sheet (ES)'!BSC76 -> 0 | BSB76: ='Assessment sheet (ES)'!BSD76 -> 0 | BSI76: ='Assessment sheet (ES)'!BSK76 -> 0 | BSJ76: ='Assessment sheet (ES)'!BSL76 -> 0 | BSQ76: ='Assessment sheet (ES)'!BSS76 -> 0 | BSR76: ='Assessment sheet (ES)'!BST76 -> 0 | BSY76: ='Assessment sheet (ES)'!BTA76 -> 0 | BSZ76: ='Assessment sheet (ES)'!BTB76 -> 0 | BTG76: ='Assessment sheet (ES)'!BTI76 -> 0 | BTH76: ='Assessment sheet (ES)'!BTJ76 -> 0 | BTO76: ='Assessment sheet (ES)'!BTQ76 -> 0 | BTP76: ='Assessment sheet (ES)'!BTR76 -> 0 | BTW76: ='Assessment sheet (ES)'!BTY76 -> 0 | BTX76: ='Assessment sheet (ES)'!BTZ76 -> 0 | BUE76: ='Assessment sheet (ES)'!BUG76 -> 0 | BUF76: ='Assessment sheet (ES)'!BUH76 -> 0 | BUM76: ='Assessment sheet (ES)'!BUO76 -> 0 | BUN76: ='Assessment sheet (ES)'!BUP76 -> 0 | BUU76: ='Assessment sheet (ES)'!BUW76 -> 0 | BUV76: ='Assessment sheet (ES)'!BUX76 -> 0 | BVC76: ='Assessment sheet (ES)'!BVE76 -> 0 | BVD76: ='Assessment sheet (ES)'!BVF76 -> 0 | BVK76: ='Assessment sheet (ES)'!BVM76 -> 0 | BVL76: ='Assessment sheet (ES)'!BVN76 -> 0 | BVS76: ='Assessment sheet (ES)'!BVU76 -> 0 | BVT76: ='Assessment sheet (ES)'!BVV76 -> 0 | BWA76: ='Assessment sheet (ES)'!BWC76 -> 0 | BWB76: ='Assessment sheet (ES)'!BWD76 -> 0 | BWI76: ='Assessment sheet (ES)'!BWK76 -> 0 | BWJ76: ='Assessment sheet (ES)'!BWL76 -> 0 | BWQ76: ='Assessment sheet (ES)'!BWS76 -> 0 | BWR76: ='Assessment sheet (ES)'!BWT76 -> 0 | BWY76: ='Assessment sheet (ES)'!BXA76 -> 0 | BWZ76: ='Assessment sheet (ES)'!BXB76 -> 0 | BXG76: ='Assessment sheet (ES)'!BXI76 -> 0 | BXH76: ='Assessment sheet (ES)'!BXJ76 -> 0 | BXO76: ='Assessment sheet (ES)'!BXQ76 -> 0 | BXP76: ='Assessment sheet (ES)'!BXR76 -> 0 | BXW76: ='Assessment sheet (ES)'!BXY76 -> 0 | BXX76: ='Assessment sheet (ES)'!BXZ76 -> 0 | BYE76: ='Assessment sheet (ES)'!BYG76 -> 0 | BYF76: ='Assessment sheet (ES)'!BYH76 -> 0 | BYM76: ='Assessment sheet (ES)'!BYO76 -> 0 | BYN76: ='Assessment sheet (ES)'!BYP76 -> 0 | BYU76: ='Assessment sheet (ES)'!BYW76 -> 0 | BYV76: ='Assessment sheet (ES)'!BYX76 -> 0 | BZC76: ='Assessment sheet (ES)'!BZE76 -> 0 | BZD76: ='Assessment sheet (ES)'!BZF76 -> 0 | BZK76: ='Assessment sheet (ES)'!BZM76 -> 0 | BZL76: ='Assessment sheet (ES)'!BZN76 -> 0 | BZS76: ='Assessment sheet (ES)'!BZU76 -> 0 | BZT76: ='Assessment sheet (ES)'!BZV76 -> 0 | CAA76: ='Assessment sheet (ES)'!CAC76 -> 0 | CAB76: ='Assessment sheet (ES)'!CAD76 -> 0 | CAI76: ='Assessment sheet (ES)'!CAK76 -> 0 | CAJ76: ='Assessment sheet (ES)'!CAL76 -> 0 | CAQ76: ='Assessment sheet (ES)'!CAS76 -> 0 | CAR76: ='Assessment sheet (ES)'!CAT76 -> 0 | CAY76: ='Assessment sheet (ES)'!CBA76 -> 0 | CAZ76: ='Assessment sheet (ES)'!CBB76 -> 0 | CBG76: ='Assessment sheet (ES)'!CBI76 -> 0 | CBH76: ='Assessment sheet (ES)'!CBJ76 -> 0 | CBO76: ='Assessment sheet (ES)'!CBQ76 -> 0 | CBP76: ='Assessment sheet (ES)'!CBR76 -> 0 | CBW76: ='Assessment sheet (ES)'!CBY76 -> 0 | CBX76: ='Assessment sheet (ES)'!CBZ76 -> 0 | CCE76: ='Assessment sheet (ES)'!CCG76 -> 0 | CCF76: ='Assessment sheet (ES)'!CCH76 -> 0 | CCM76: ='Assessment sheet (ES)'!CCO76 -> 0 | CCN76: ='Assessment sheet (ES)'!CCP76 -> 0 | CCU76: ='Assessment sheet (ES)'!CCW76 -> 0 | CCV76: ='Assessment sheet (ES)'!CCX76 -> 0 | CDC76: ='Assessment sheet (ES)'!CDE76 -> 0 | CDD76: ='Assessment sheet (ES)'!CDF76 -> 0 | CDK76: ='Assessment sheet (ES)'!CDM76 -> 0 | CDL76: ='Assessment sheet (ES)'!CDN76 -> 0 | CDS76: ='Assessment sheet (ES)'!CDU76 -> 0 | CDT76: ='Assessment sheet (ES)'!CDV76 -> 0 | CEA76: ='Assessment sheet (ES)'!CEC76 -> 0 | CEB76: ='Assessment sheet (ES)'!CED76 -> 0 | CEI76: ='Assessment sheet (ES)'!CEK76 -> 0 | CEJ76: ='Assessment sheet (ES)'!CEL76 -> 0 | CEQ76: ='Assessment sheet (ES)'!CES76 -> 0 | CER76: ='Assessment sheet (ES)'!CET76 -> 0 | CEY76: ='Assessment sheet (ES)'!CFA76 -> 0 | CEZ76: ='Assessment sheet (ES)'!CFB76 -> 0 | CFG76: ='Assessment sheet (ES)'!CFI76 -> 0 | CFH76: ='Assessment sheet (ES)'!CFJ76 -> 0 | CFO76: ='Assessment sheet (ES)'!CFQ76 -> 0 | CFP76: ='Assessment sheet (ES)'!CFR76 -> 0 | CFW76: ='Assessment sheet (ES)'!CFY76 -> 0 | CFX76: ='Assessment sheet (ES)'!CFZ76 -> 0 | CGE76: ='Assessment sheet (ES)'!CGG76 -> 0 | CGF76: ='Assessment sheet (ES)'!CGH76 -> 0 | CGM76: ='Assessment sheet (ES)'!CGO76 -> 0 | CGN76: ='Assessment sheet (ES)'!CGP76 -> 0 | CGU76: ='Assessment sheet (ES)'!CGW76 -> 0 | CGV76: ='Assessment sheet (ES)'!CGX76 -> 0 | CHC76: ='Assessment sheet (ES)'!CHE76 -> 0 | CHD76: ='Assessment sheet (ES)'!CHF76 -> 0 | CHK76: ='Assessment sheet (ES)'!CHM76 -> 0 | CHL76: ='Assessment sheet (ES)'!CHN76 -> 0 | CHS76: ='Assessment sheet (ES)'!CHU76 -> 0 | CHT76: ='Assessment sheet (ES)'!CHV76 -> 0 | CIA76: ='Assessment sheet (ES)'!CIC76 -> 0 | CIB76: ='Assessment sheet (ES)'!CID76 -> 0 | CII76: ='Assessment sheet (ES)'!CIK76 -> 0 | CIJ76: ='Assessment sheet (ES)'!CIL76 -> 0 | CIQ76: ='Assessment sheet (ES)'!CIS76 -> 0 | CIR76: ='Assessment sheet (ES)'!CIT76 -> 0 | CIY76: ='Assessment sheet (ES)'!CJA76 -> 0 | CIZ76: ='Assessment sheet (ES)'!CJB76 -> 0 | CJG76: ='Assessment sheet (ES)'!CJI76 -> 0 | CJH76: ='Assessment sheet (ES)'!CJJ76 -> 0 | CJO76: ='Assessment sheet (ES)'!CJQ76 -> 0 | CJP76: ='Assessment sheet (ES)'!CJR76 -> 0 | CJW76: ='Assessment sheet (ES)'!CJY76 -> 0 | CJX76: ='Assessment sheet (ES)'!CJZ76 -> 0 | CKE76: ='Assessment sheet (ES)'!CKG76 -> 0 | CKF76: ='Assessment sheet (ES)'!CKH76 -> 0 | CKM76: ='Assessment sheet (ES)'!CKO76 -> 0 | CKN76: ='Assessment sheet (ES)'!CKP76 -> 0 | CKU76: ='Assessment sheet (ES)'!CKW76 -> 0 | CKV76: ='Assessment sheet (ES)'!CKX76 -> 0 | CLC76: ='Assessment sheet (ES)'!CLE76 -> 0 | CLD76: ='Assessment sheet (ES)'!CLF76 -> 0 | CLK76: ='Assessment sheet (ES)'!CLM76 -> 0 | CLL76: ='Assessment sheet (ES)'!CLN76 -> 0 | CLS76: ='Assessment sheet (ES)'!CLU76 -> 0 | CLT76: ='Assessment sheet (ES)'!CLV76 -> 0 | CMA76: ='Assessment sheet (ES)'!CMC76 -> 0 | CMB76: ='Assessment sheet (ES)'!CMD76 -> 0 | CMI76: ='Assessment sheet (ES)'!CMK76 -> 0 | CMJ76: ='Assessment sheet (ES)'!CML76 -> 0 | CMQ76: ='Assessment sheet (ES)'!CMS76 -> 0 | CMR76: ='Assessment sheet (ES)'!CMT76 -> 0 | CMY76: ='Assessment sheet (ES)'!CNA76 -> 0 | CMZ76: ='Assessment sheet (ES)'!CNB76 -> 0 | CNG76: ='Assessment sheet (ES)'!CNI76 -> 0 | CNH76: ='Assessment sheet (ES)'!CNJ76 -> 0 | CNO76: ='Assessment sheet (ES)'!CNQ76 -> 0 | CNP76: ='Assessment sheet (ES)'!CNR76 -> 0 | CNW76: ='Assessment sheet (ES)'!CNY76 -> 0 | CNX76: ='Assessment sheet (ES)'!CNZ76 -> 0 | COE76: ='Assessment sheet (ES)'!COG76 -> 0 | COF76: ='Assessment sheet (ES)'!COH76 -> 0 | COM76: ='Assessment sheet (ES)'!COO76 -> 0 | CON76: ='Assessment sheet (ES)'!COP76 -> 0 | COU76: ='Assessment sheet (ES)'!COW76 -> 0 | COV76: ='Assessment sheet (ES)'!COX76 -> 0 | CPC76: ='Assessment sheet (ES)'!CPE76 -> 0 | CPD76: ='Assessment sheet (ES)'!CPF76 -> 0 | CPK76: ='Assessment sheet (ES)'!CPM76 -> 0 | CPL76: ='Assessment sheet (ES)'!CPN76 -> 0 | CPS76: ='Assessment sheet (ES)'!CPU76 -> 0 | CPT76: ='Assessment sheet (ES)'!CPV76 -> 0 | CQA76: ='Assessment sheet (ES)'!CQC76 -> 0 | CQB76: ='Assessment sheet (ES)'!CQD76 -> 0 | CQI76: ='Assessment sheet (ES)'!CQK76 -> 0 | CQJ76: ='Assessment sheet (ES)'!CQL76 -> 0 | CQQ76: ='Assessment sheet (ES)'!CQS76 -> 0 | CQR76: ='Assessment sheet (ES)'!CQT76 -> 0 | CQY76: ='Assessment sheet (ES)'!CRA76 -> 0 | CQZ76: ='Assessment sheet (ES)'!CRB76 -> 0 | CRG76: ='Assessment sheet (ES)'!CRI76 -> 0 | CRH76: ='Assessment sheet (ES)'!CRJ76 -> 0 | CRO76: ='Assessment sheet (ES)'!CRQ76 -> 0 | CRP76: ='Assessment sheet (ES)'!CRR76 -> 0 | CRW76: ='Assessment sheet (ES)'!CRY76 -> 0 | CRX76: ='Assessment sheet (ES)'!CRZ76 -> 0 | CSE76: ='Assessment sheet (ES)'!CSG76 -> 0 | CSF76: ='Assessment sheet (ES)'!CSH76 -> 0 | CSM76: ='Assessment sheet (ES)'!CSO76 -> 0 | CSN76: ='Assessment sheet (ES)'!CSP76 -> 0 | CSU76: ='Assessment sheet (ES)'!CSW76 -> 0 | CSV76: ='Assessment sheet (ES)'!CSX76 -> 0 | CTC76: ='Assessment sheet (ES)'!CTE76 -> 0 | CTD76: ='Assessment sheet (ES)'!CTF76 -> 0 | CTK76: ='Assessment sheet (ES)'!CTM76 -> 0 | CTL76: ='Assessment sheet (ES)'!CTN76 -> 0 | CTS76: ='Assessment sheet (ES)'!CTU76 -> 0 | CTT76: ='Assessment sheet (ES)'!CTV76 -> 0 | CUA76: ='Assessment sheet (ES)'!CUC76 -> 0 | CUB76: ='Assessment sheet (ES)'!CUD76 -> 0 | CUI76: ='Assessment sheet (ES)'!CUK76 -> 0 | CUJ76: ='Assessment sheet (ES)'!CUL76 -> 0 | CUQ76: ='Assessment sheet (ES)'!CUS76 -> 0 | CUR76: ='Assessment sheet (ES)'!CUT76 -> 0 | CUY76: ='Assessment sheet (ES)'!CVA76 -> 0 | CUZ76: ='Assessment sheet (ES)'!CVB76 -> 0 | CVG76: ='Assessment sheet (ES)'!CVI76 -> 0 | CVH76: ='Assessment sheet (ES)'!CVJ76 -> 0 | CVO76: ='Assessment sheet (ES)'!CVQ76 -> 0 | CVP76: ='Assessment sheet (ES)'!CVR76 -> 0 | CVW76: ='Assessment sheet (ES)'!CVY76 -> 0 | CVX76: ='Assessment sheet (ES)'!CVZ76 -> 0 | CWE76: ='Assessment sheet (ES)'!CWG76 -> 0 | CWF76: ='Assessment sheet (ES)'!CWH76 -> 0 | CWM76: ='Assessment sheet (ES)'!CWO76 -> 0 | CWN76: ='Assessment sheet (ES)'!CWP76 -> 0 | CWU76: ='Assessment sheet (ES)'!CWW76 -> 0 | CWV76: ='Assessment sheet (ES)'!CWX76 -> 0 | CXC76: ='Assessment sheet (ES)'!CXE76 -> 0 | CXD76: ='Assessment sheet (ES)'!CXF76 -> 0 | CXK76: ='Assessment sheet (ES)'!CXM76 -> 0 | CXL76: ='Assessment sheet (ES)'!CXN76 -> 0 | CXS76: ='Assessment sheet (ES)'!CXU76 -> 0 | CXT76: ='Assessment sheet (ES)'!CXV76 -> 0 | CYA76: ='Assessment sheet (ES)'!CYC76 -> 0 | CYB76: ='Assessment sheet (ES)'!CYD76 -> 0 | CYI76: ='Assessment sheet (ES)'!CYK76 -> 0 | CYJ76: ='Assessment sheet (ES)'!CYL76 -> 0 | CYQ76: ='Assessment sheet (ES)'!CYS76 -> 0 | CYR76: ='Assessment sheet (ES)'!CYT76 -> 0 | CYY76: ='Assessment sheet (ES)'!CZA76 -> 0 | CYZ76: ='Assessment sheet (ES)'!CZB76 -> 0 | CZG76: ='Assessment sheet (ES)'!CZI76 -> 0 | CZH76: ='Assessment sheet (ES)'!CZJ76 -> 0 | CZO76: ='Assessment sheet (ES)'!CZQ76 -> 0 | CZP76: ='Assessment sheet (ES)'!CZR76 -> 0 | CZW76: ='Assessment sheet (ES)'!CZY76 -> 0 | CZX76: ='Assessment sheet (ES)'!CZZ76 -> 0 | DAE76: ='Assessment sheet (ES)'!DAG76 -> 0 | DAF76: ='Assessment sheet (ES)'!DAH76 -> 0 | DAM76: ='Assessment sheet (ES)'!DAO76 -> 0 | DAN76: ='Assessment sheet (ES)'!DAP76 -> 0 | DAU76: ='Assessment sheet (ES)'!DAW76 -> 0 | DAV76: ='Assessment sheet (ES)'!DAX76 -> 0 | DBC76: ='Assessment sheet (ES)'!DBE76 -> 0 | DBD76: ='Assessment sheet (ES)'!DBF76 -> 0 | DBK76: ='Assessment sheet (ES)'!DBM76 -> 0 | DBL76: ='Assessment sheet (ES)'!DBN76 -> 0 | DBS76: ='Assessment sheet (ES)'!DBU76 -> 0 | DBT76: ='Assessment sheet (ES)'!DBV76 -> 0 | DCA76: ='Assessment sheet (ES)'!DCC76 -> 0 | DCB76: ='Assessment sheet (ES)'!DCD76 -> 0 | DCI76: ='Assessment sheet (ES)'!DCK76 -> 0 | DCJ76: ='Assessment sheet (ES)'!DCL76 -> 0 | DCQ76: ='Assessment sheet (ES)'!DCS76 -> 0 | DCR76: ='Assessment sheet (ES)'!DCT76 -> 0 | DCY76: ='Assessment sheet (ES)'!DDA76 -> 0 | DCZ76: ='Assessment sheet (ES)'!DDB76 -> 0 | DDG76: ='Assessment sheet (ES)'!DDI76 -> 0 | DDH76: ='Assessment sheet (ES)'!DDJ76 -> 0 | DDO76: ='Assessment sheet (ES)'!DDQ76 -> 0 | DDP76: ='Assessment sheet (ES)'!DDR76 -> 0 | DDW76: ='Assessment sheet (ES)'!DDY76 -> 0 | DDX76: ='Assessment sheet (ES)'!DDZ76 -> 0 | DEE76: ='Assessment sheet (ES)'!DEG76 -> 0 | DEF76: ='Assessment sheet (ES)'!DEH76 -> 0 | DEM76: ='Assessment sheet (ES)'!DEO76 -> 0 | DEN76: ='Assessment sheet (ES)'!DEP76 -> 0 | DEU76: ='Assessment sheet (ES)'!DEW76 -> 0 | DEV76: ='Assessment sheet (ES)'!DEX76 -> 0 | DFC76: ='Assessment sheet (ES)'!DFE76 -> 0 | DFD76: ='Assessment sheet (ES)'!DFF76 -> 0 | DFK76: ='Assessment sheet (ES)'!DFM76 -> 0 | DFL76: ='Assessment sheet (ES)'!DFN76 -> 0 | DFS76: ='Assessment sheet (ES)'!DFU76 -> 0 | DFT76: ='Assessment sheet (ES)'!DFV76 -> 0 | DGA76: ='Assessment sheet (ES)'!DGC76 -> 0 | DGB76: ='Assessment sheet (ES)'!DGD76 -> 0 | DGI76: ='Assessment sheet (ES)'!DGK76 -> 0 | DGJ76: ='Assessment sheet (ES)'!DGL76 -> 0 | DGQ76: ='Assessment sheet (ES)'!DGS76 -> 0 | DGR76: ='Assessment sheet (ES)'!DGT76 -> 0 | DGY76: ='Assessment sheet (ES)'!DHA76 -> 0 | DGZ76: ='Assessment sheet (ES)'!DHB76 -> 0 | DHG76: ='Assessment sheet (ES)'!DHI76 -> 0 | DHH76: ='Assessment sheet (ES)'!DHJ76 -> 0 | DHO76: ='Assessment sheet (ES)'!DHQ76 -> 0 | DHP76: ='Assessment sheet (ES)'!DHR76 -> 0 | DHW76: ='Assessment sheet (ES)'!DHY76 -> 0 | DHX76: ='Assessment sheet (ES)'!DHZ76 -> 0 | DIE76: ='Assessment sheet (ES)'!DIG76 -> 0 | DIF76: ='Assessment sheet (ES)'!DIH76 -> 0 | DIM76: ='Assessment sheet (ES)'!DIO76 -> 0 | DIN76: ='Assessment sheet (ES)'!DIP76 -> 0 | DIU76: ='Assessment sheet (ES)'!DIW76 -> 0 | DIV76: ='Assessment sheet (ES)'!DIX76 -> 0 | DJC76: ='Assessment sheet (ES)'!DJE76 -> 0 | DJD76: ='Assessment sheet (ES)'!DJF76 -> 0 | DJK76: ='Assessment sheet (ES)'!DJM76 -> 0 | DJL76: ='Assessment sheet (ES)'!DJN76 -> 0 | DJS76: ='Assessment sheet (ES)'!DJU76 -> 0 | DJT76: ='Assessment sheet (ES)'!DJV76 -> 0 | DKA76: ='Assessment sheet (ES)'!DKC76 -> 0 | DKB76: ='Assessment sheet (ES)'!DKD76 -> 0 | DKI76: ='Assessment sheet (ES)'!DKK76 -> 0 | DKJ76: ='Assessment sheet (ES)'!DKL76 -> 0 | DKQ76: ='Assessment sheet (ES)'!DKS76 -> 0 | DKR76: ='Assessment sheet (ES)'!DKT76 -> 0 | DKY76: ='Assessment sheet (ES)'!DLA76 -> 0 | DKZ76: ='Assessment sheet (ES)'!DLB76 -> 0 | DLG76: ='Assessment sheet (ES)'!DLI76 -> 0 | DLH76: ='Assessment sheet (ES)'!DLJ76 -> 0 | DLO76: ='Assessment sheet (ES)'!DLQ76 -> 0 | DLP76: ='Assessment sheet (ES)'!DLR76 -> 0 | DLW76: ='Assessment sheet (ES)'!DLY76 -> 0 | DLX76: ='Assessment sheet (ES)'!DLZ76 -> 0 | DME76: ='Assessment sheet (ES)'!DMG76 -> 0 | DMF76: ='Assessment sheet (ES)'!DMH76 -> 0 | DMM76: ='Assessment sheet (ES)'!DMO76 -> 0 | DMN76: ='Assessment sheet (ES)'!DMP76 -> 0 | DMU76: ='Assessment sheet (ES)'!DMW76 -> 0 | DMV76: ='Assessment sheet (ES)'!DMX76 -> 0 | DNC76: ='Assessment sheet (ES)'!DNE76 -> 0 | DND76: ='Assessment sheet (ES)'!DNF76 -> 0 | DNK76: ='Assessment sheet (ES)'!DNM76 -> 0 | DNL76: ='Assessment sheet (ES)'!DNN76 -> 0 | DNS76: ='Assessment sheet (ES)'!DNU76 -> 0 | DNT76: ='Assessment sheet (ES)'!DNV76 -> 0 | DOA76: ='Assessment sheet (ES)'!DOC76 -> 0 | DOB76: ='Assessment sheet (ES)'!DOD76 -> 0 | DOI76: ='Assessment sheet (ES)'!DOK76 -> 0 | DOJ76: ='Assessment sheet (ES)'!DOL76 -> 0 | DOQ76: ='Assessment sheet (ES)'!DOS76 -> 0 | DOR76: ='Assessment sheet (ES)'!DOT76 -> 0 | DOY76: ='Assessment sheet (ES)'!DPA76 -> 0 | DOZ76: ='Assessment sheet (ES)'!DPB76 -> 0 | DPG76: ='Assessment sheet (ES)'!DPI76 -> 0 | DPH76: ='Assessment sheet (ES)'!DPJ76 -> 0 | DPO76: ='Assessment sheet (ES)'!DPQ76 -> 0 | DPP76: ='Assessment sheet (ES)'!DPR76 -> 0 | DPW76: ='Assessment sheet (ES)'!DPY76 -> 0 | DPX76: ='Assessment sheet (ES)'!DPZ76 -> 0 | DQE76: ='Assessment sheet (ES)'!DQG76 -> 0 | DQF76: ='Assessment sheet (ES)'!DQH76 -> 0 | DQM76: ='Assessment sheet (ES)'!DQO76 -> 0 | DQN76: ='Assessment sheet (ES)'!DQP76 -> 0 | DQU76: ='Assessment sheet (ES)'!DQW76 -> 0 | DQV76: ='Assessment sheet (ES)'!DQX76 -> 0 | DRC76: ='Assessment sheet (ES)'!DRE76 -> 0 | DRD76: ='Assessment sheet (ES)'!DRF76 -> 0 | DRK76: ='Assessment sheet (ES)'!DRM76 -> 0 | DRL76: ='Assessment sheet (ES)'!DRN76 -> 0 | DRS76: ='Assessment sheet (ES)'!DRU76 -> 0 | DRT76: ='Assessment sheet (ES)'!DRV76 -> 0 | DSA76: ='Assessment sheet (ES)'!DSC76 -> 0 | DSB76: ='Assessment sheet (ES)'!DSD76 -> 0 | DSI76: ='Assessment sheet (ES)'!DSK76 -> 0 | DSJ76: ='Assessment sheet (ES)'!DSL76 -> 0 | DSQ76: ='Assessment sheet (ES)'!DSS76 -> 0 | DSR76: ='Assessment sheet (ES)'!DST76 -> 0 | DSY76: ='Assessment sheet (ES)'!DTA76 -> 0 | DSZ76: ='Assessment sheet (ES)'!DTB76 -> 0 | DTG76: ='Assessment sheet (ES)'!DTI76 -> 0 | DTH76: ='Assessment sheet (ES)'!DTJ76 -> 0 | DTO76: ='Assessment sheet (ES)'!DTQ76 -> 0 | DTP76: ='Assessment sheet (ES)'!DTR76 -> 0 | DTW76: ='Assessment sheet (ES)'!DTY76 -> 0 | DTX76: ='Assessment sheet (ES)'!DTZ76 -> 0 | DUE76: ='Assessment sheet (ES)'!DUG76 -> 0 | DUF76: ='Assessment sheet (ES)'!DUH76 -> 0 | DUM76: ='Assessment sheet (ES)'!DUO76 -> 0 | DUN76: ='Assessment sheet (ES)'!DUP76 -> 0 | DUU76: ='Assessment sheet (ES)'!DUW76 -> 0 | DUV76: ='Assessment sheet (ES)'!DUX76 -> 0 | DVC76: ='Assessment sheet (ES)'!DVE76 -> 0 | DVD76: ='Assessment sheet (ES)'!DVF76 -> 0 | DVK76: ='Assessment sheet (ES)'!DVM76 -> 0 | DVL76: ='Assessment sheet (ES)'!DVN76 -> 0 | DVS76: ='Assessment sheet (ES)'!DVU76 -> 0 | DVT76: ='Assessment sheet (ES)'!DVV76 -> 0 | DWA76: ='Assessment sheet (ES)'!DWC76 -> 0 | DWB76: ='Assessment sheet (ES)'!DWD76 -> 0 | DWI76: ='Assessment sheet (ES)'!DWK76 -> 0 | DWJ76: ='Assessment sheet (ES)'!DWL76 -> 0 | DWQ76: ='Assessment sheet (ES)'!DWS76 -> 0 | DWR76: ='Assessment sheet (ES)'!DWT76 -> 0 | DWY76: ='Assessment sheet (ES)'!DXA76 -> 0 | DWZ76: ='Assessment sheet (ES)'!DXB76 -> 0 | DXG76: ='Assessment sheet (ES)'!DXI76 -> 0 | DXH76: ='Assessment sheet (ES)'!DXJ76 -> 0 | DXO76: ='Assessment sheet (ES)'!DXQ76 -> 0 | DXP76: ='Assessment sheet (ES)'!DXR76 -> 0 | DXW76: ='Assessment sheet (ES)'!DXY76 -> 0 | DXX76: ='Assessment sheet (ES)'!DXZ76 -> 0 | DYE76: ='Assessment sheet (ES)'!DYG76 -> 0 | DYF76: ='Assessment sheet (ES)'!DYH76 -> 0 | DYM76: ='Assessment sheet (ES)'!DYO76 -> 0 | DYN76: ='Assessment sheet (ES)'!DYP76 -> 0 | DYU76: ='Assessment sheet (ES)'!DYW76 -> 0 | DYV76: ='Assessment sheet (ES)'!DYX76 -> 0 | DZC76: ='Assessment sheet (ES)'!DZE76 -> 0 | DZD76: ='Assessment sheet (ES)'!DZF76 -> 0 | DZK76: ='Assessment sheet (ES)'!DZM76 -> 0 | DZL76: ='Assessment sheet (ES)'!DZN76 -> 0 | DZS76: ='Assessment sheet (ES)'!DZU76 -> 0 | DZT76: ='Assessment sheet (ES)'!DZV76 -> 0 | EAA76: ='Assessment sheet (ES)'!EAC76 -> 0 | EAB76: ='Assessment sheet (ES)'!EAD76 -> 0 | EAI76: ='Assessment sheet (ES)'!EAK76 -> 0 | EAJ76: ='Assessment sheet (ES)'!EAL76 -> 0 | EAQ76: ='Assessment sheet (ES)'!EAS76 -> 0 | EAR76: ='Assessment sheet (ES)'!EAT76 -> 0 | EAY76: ='Assessment sheet (ES)'!EBA76 -> 0 | EAZ76: ='Assessment sheet (ES)'!EBB76 -> 0 | EBG76: ='Assessment sheet (ES)'!EBI76 -> 0 | EBH76: ='Assessment sheet (ES)'!EBJ76 -> 0 | EBO76: ='Assessment sheet (ES)'!EBQ76 -> 0 | EBP76: ='Assessment sheet (ES)'!EBR76 -> 0 | EBW76: ='Assessment sheet (ES)'!EBY76 -> 0 | EBX76: ='Assessment sheet (ES)'!EBZ76 -> 0 | ECE76: ='Assessment sheet (ES)'!ECG76 -> 0 | ECF76: ='Assessment sheet (ES)'!ECH76 -> 0 | ECM76: ='Assessment sheet (ES)'!ECO76 -> 0 | ECN76: ='Assessment sheet (ES)'!ECP76 -> 0 | ECU76: ='Assessment sheet (ES)'!ECW76 -> 0 | ECV76: ='Assessment sheet (ES)'!ECX76 -> 0 | EDC76: ='Assessment sheet (ES)'!EDE76 -> 0 | EDD76: ='Assessment sheet (ES)'!EDF76 -> 0 | EDK76: ='Assessment sheet (ES)'!EDM76 -> 0 | EDL76: ='Assessment sheet (ES)'!EDN76 -> 0 | EDS76: ='Assessment sheet (ES)'!EDU76 -> 0 | EDT76: ='Assessment sheet (ES)'!EDV76 -> 0 | EEA76: ='Assessment sheet (ES)'!EEC76 -> 0 | EEB76: ='Assessment sheet (ES)'!EED76 -> 0 | EEI76: ='Assessment sheet (ES)'!EEK76 -> 0 | EEJ76: ='Assessment sheet (ES)'!EEL76 -> 0 | EEQ76: ='Assessment sheet (ES)'!EES76 -> 0 | EER76: ='Assessment sheet (ES)'!EET76 -> 0 | EEY76: ='Assessment sheet (ES)'!EFA76 -> 0 | EEZ76: ='Assessment sheet (ES)'!EFB76 -> 0 | EFG76: ='Assessment sheet (ES)'!EFI76 -> 0 | EFH76: ='Assessment sheet (ES)'!EFJ76 -> 0 | EFO76: ='Assessment sheet (ES)'!EFQ76 -> 0 | EFP76: ='Assessment sheet (ES)'!EFR76 -> 0 | EFW76: ='Assessment sheet (ES)'!EFY76 -> 0 | EFX76: ='Assessment sheet (ES)'!EFZ76 -> 0 | EGE76: ='Assessment sheet (ES)'!EGG76 -> 0 | EGF76: ='Assessment sheet (ES)'!EGH76 -> 0 | EGM76: ='Assessment sheet (ES)'!EGO76 -> 0 | EGN76: ='Assessment sheet (ES)'!EGP76 -> 0 | EGU76: ='Assessment sheet (ES)'!EGW76 -> 0 | EGV76: ='Assessment sheet (ES)'!EGX76 -> 0 | EHC76: ='Assessment sheet (ES)'!EHE76 -> 0 | EHD76: ='Assessment sheet (ES)'!EHF76 -> 0 | EHK76: ='Assessment sheet (ES)'!EHM76 -> 0 | EHL76: ='Assessment sheet (ES)'!EHN76 -> 0 | EHS76: ='Assessment sheet (ES)'!EHU76 -> 0 | EHT76: ='Assessment sheet (ES)'!EHV76 -> 0 | EIA76: ='Assessment sheet (ES)'!EIC76 -> 0 | EIB76: ='Assessment sheet (ES)'!EID76 -> 0 | EII76: ='Assessment sheet (ES)'!EIK76 -> 0 | EIJ76: ='Assessment sheet (ES)'!EIL76 -> 0 | EIQ76: ='Assessment sheet (ES)'!EIS76 -> 0 | EIR76: ='Assessment sheet (ES)'!EIT76 -> 0 | EIY76: ='Assessment sheet (ES)'!EJA76 -> 0 | EIZ76: ='Assessment sheet (ES)'!EJB76 -> 0 | EJG76: ='Assessment sheet (ES)'!EJI76 -> 0 | EJH76: ='Assessment sheet (ES)'!EJJ76 -> 0 | EJO76: ='Assessment sheet (ES)'!EJQ76 -> 0 | EJP76: ='Assessment sheet (ES)'!EJR76 -> 0 | EJW76: ='Assessment sheet (ES)'!EJY76 -> 0 | EJX76: ='Assessment sheet (ES)'!EJZ76 -> 0 | EKE76: ='Assessment sheet (ES)'!EKG76 -> 0 | EKF76: ='Assessment sheet (ES)'!EKH76 -> 0 | EKM76: ='Assessment sheet (ES)'!EKO76 -> 0 | EKN76: ='Assessment sheet (ES)'!EKP76 -> 0 | EKU76: ='Assessment sheet (ES)'!EKW76 -> 0 | EKV76: ='Assessment sheet (ES)'!EKX76 -> 0 | ELC76: ='Assessment sheet (ES)'!ELE76 -> 0 | ELD76: ='Assessment sheet (ES)'!ELF76 -> 0 | ELK76: ='Assessment sheet (ES)'!ELM76 -> 0 | ELL76: ='Assessment sheet (ES)'!ELN76 -> 0 | ELS76: ='Assessment sheet (ES)'!ELU76 -> 0 | ELT76: ='Assessment sheet (ES)'!ELV76 -> 0 | EMA76: ='Assessment sheet (ES)'!EMC76 -> 0 | EMB76: ='Assessment sheet (ES)'!EMD76 -> 0 | EMI76: ='Assessment sheet (ES)'!EMK76 -> 0 | EMJ76: ='Assessment sheet (ES)'!EML76 -> 0 | EMQ76: ='Assessment sheet (ES)'!EMS76 -> 0 | EMR76: ='Assessment sheet (ES)'!EMT76 -> 0 | EMY76: ='Assessment sheet (ES)'!ENA76 -> 0 | EMZ76: ='Assessment sheet (ES)'!ENB76 -> 0 | ENG76: ='Assessment sheet (ES)'!ENI76 -> 0 | ENH76: ='Assessment sheet (ES)'!ENJ76 -> 0 | ENO76: ='Assessment sheet (ES)'!ENQ76 -> 0 | ENP76: ='Assessment sheet (ES)'!ENR76 -> 0 | ENW76: ='Assessment sheet (ES)'!ENY76 -> 0 | ENX76: ='Assessment sheet (ES)'!ENZ76 -> 0 | EOE76: ='Assessment sheet (ES)'!EOG76 -> 0 | EOF76: ='Assessment sheet (ES)'!EOH76 -> 0 | EOM76: ='Assessment sheet (ES)'!EOO76 -> 0 | EON76: ='Assessment sheet (ES)'!EOP76 -> 0 | EOU76: ='Assessment sheet (ES)'!EOW76 -> 0 | EOV76: ='Assessment sheet (ES)'!EOX76 -> 0 | EPC76: ='Assessment sheet (ES)'!EPE76 -> 0 | EPD76: ='Assessment sheet (ES)'!EPF76 -> 0 | EPK76: ='Assessment sheet (ES)'!EPM76 -> 0 | EPL76: ='Assessment sheet (ES)'!EPN76 -> 0 | EPS76: ='Assessment sheet (ES)'!EPU76 -> 0 | EPT76: ='Assessment sheet (ES)'!EPV76 -> 0 | EQA76: ='Assessment sheet (ES)'!EQC76 -> 0 | EQB76: ='Assessment sheet (ES)'!EQD76 -> 0 | EQI76: ='Assessment sheet (ES)'!EQK76 -> 0 | EQJ76: ='Assessment sheet (ES)'!EQL76 -> 0 | EQQ76: ='Assessment sheet (ES)'!EQS76 -> 0 | EQR76: ='Assessment sheet (ES)'!EQT76 -> 0 | EQY76: ='Assessment sheet (ES)'!ERA76 -> 0 | EQZ76: ='Assessment sheet (ES)'!ERB76 -> 0 | ERG76: ='Assessment sheet (ES)'!ERI76 -> 0 | ERH76: ='Assessment sheet (ES)'!ERJ76 -> 0 | ERO76: ='Assessment sheet (ES)'!ERQ76 -> 0 | ERP76: ='Assessment sheet (ES)'!ERR76 -> 0 | ERW76: ='Assessment sheet (ES)'!ERY76 -> 0 | ERX76: ='Assessment sheet (ES)'!ERZ76 -> 0 | ESE76: ='Assessment sheet (ES)'!ESG76 -> 0 | ESF76: ='Assessment sheet (ES)'!ESH76 -> 0 | ESM76: ='Assessment sheet (ES)'!ESO76 -> 0 | ESN76: ='Assessment sheet (ES)'!ESP76 -> 0 | ESU76: ='Assessment sheet (ES)'!ESW76 -> 0 | ESV76: ='Assessment sheet (ES)'!ESX76 -> 0 | ETC76: ='Assessment sheet (ES)'!ETE76 -> 0 | ETD76: ='Assessment sheet (ES)'!ETF76 -> 0 | ETK76: ='Assessment sheet (ES)'!ETM76 -> 0 | ETL76: ='Assessment sheet (ES)'!ETN76 -> 0 | ETS76: ='Assessment sheet (ES)'!ETU76 -> 0 | ETT76: ='Assessment sheet (ES)'!ETV76 -> 0 | EUA76: ='Assessment sheet (ES)'!EUC76 -> 0 | EUB76: ='Assessment sheet (ES)'!EUD76 -> 0 | EUI76: ='Assessment sheet (ES)'!EUK76 -> 0 | EUJ76: ='Assessment sheet (ES)'!EUL76 -> 0 | EUQ76: ='Assessment sheet (ES)'!EUS76 -> 0 | EUR76: ='Assessment sheet (ES)'!EUT76 -> 0 | EUY76: ='Assessment sheet (ES)'!EVA76 -> 0 | EUZ76: ='Assessment sheet (ES)'!EVB76 -> 0 | EVG76: ='Assessment sheet (ES)'!EVI76 -> 0 | EVH76: ='Assessment sheet (ES)'!EVJ76 -> 0 | EVO76: ='Assessment sheet (ES)'!EVQ76 -> 0 | EVP76: ='Assessment sheet (ES)'!EVR76 -> 0 | EVW76: ='Assessment sheet (ES)'!EVY76 -> 0 | EVX76: ='Assessment sheet (ES)'!EVZ76 -> 0 | EWE76: ='Assessment sheet (ES)'!EWG76 -> 0 | EWF76: ='Assessment sheet (ES)'!EWH76 -> 0 | EWM76: ='Assessment sheet (ES)'!EWO76 -> 0 | EWN76: ='Assessment sheet (ES)'!EWP76 -> 0 | EWU76: ='Assessment sheet (ES)'!EWW76 -> 0 | EWV76: ='Assessment sheet (ES)'!EWX76 -> 0 | EXC76: ='Assessment sheet (ES)'!EXE76 -> 0 | EXD76: ='Assessment sheet (ES)'!EXF76 -> 0 | EXK76: ='Assessment sheet (ES)'!EXM76 -> 0 | EXL76: ='Assessment sheet (ES)'!EXN76 -> 0 | EXS76: ='Assessment sheet (ES)'!EXU76 -> 0 | EXT76: ='Assessment sheet (ES)'!EXV76 -> 0 | EYA76: ='Assessment sheet (ES)'!EYC76 -> 0 | EYB76: ='Assessment sheet (ES)'!EYD76 -> 0 | EYI76: ='Assessment sheet (ES)'!EYK76 -> 0 | EYJ76: ='Assessment sheet (ES)'!EYL76 -> 0 | EYQ76: ='Assessment sheet (ES)'!EYS76 -> 0 | EYR76: ='Assessment sheet (ES)'!EYT76 -> 0 | EYY76: ='Assessment sheet (ES)'!EZA76 -> 0 | EYZ76: ='Assessment sheet (ES)'!EZB76 -> 0 | EZG76: ='Assessment sheet (ES)'!EZI76 -> 0 | EZH76: ='Assessment sheet (ES)'!EZJ76 -> 0 | EZO76: ='Assessment sheet (ES)'!EZQ76 -> 0 | EZP76: ='Assessment sheet (ES)'!EZR76 -> 0 | EZW76: ='Assessment sheet (ES)'!EZY76 -> 0 | EZX76: ='Assessment sheet (ES)'!EZZ76 -> 0 | FAE76: ='Assessment sheet (ES)'!FAG76 -> 0 | FAF76: ='Assessment sheet (ES)'!FAH76 -> 0 | FAM76: ='Assessment sheet (ES)'!FAO76 -> 0 | FAN76: ='Assessment sheet (ES)'!FAP76 -> 0 | FAU76: ='Assessment sheet (ES)'!FAW76 -> 0 | FAV76: ='Assessment sheet (ES)'!FAX76 -> 0 | FBC76: ='Assessment sheet (ES)'!FBE76 -> 0 | FBD76: ='Assessment sheet (ES)'!FBF76 -> 0 | FBK76: ='Assessment sheet (ES)'!FBM76 -> 0 | FBL76: ='Assessment sheet (ES)'!FBN76 -> 0 | FBS76: ='Assessment sheet (ES)'!FBU76 -> 0 | FBT76: ='Assessment sheet (ES)'!FBV76 -> 0 | FCA76: ='Assessment sheet (ES)'!FCC76 -> 0 | FCB76: ='Assessment sheet (ES)'!FCD76 -> 0 | FCI76: ='Assessment sheet (ES)'!FCK76 -> 0 | FCJ76: ='Assessment sheet (ES)'!FCL76 -> 0 | FCQ76: ='Assessment sheet (ES)'!FCS76 -> 0 | FCR76: ='Assessment sheet (ES)'!FCT76 -> 0 | FCY76: ='Assessment sheet (ES)'!FDA76 -> 0 | FCZ76: ='Assessment sheet (ES)'!FDB76 -> 0 | FDG76: ='Assessment sheet (ES)'!FDI76 -> 0 | FDH76: ='Assessment sheet (ES)'!FDJ76 -> 0 | FDO76: ='Assessment sheet (ES)'!FDQ76 -> 0 | FDP76: ='Assessment sheet (ES)'!FDR76 -> 0 | FDW76: ='Assessment sheet (ES)'!FDY76 -> 0 | FDX76: ='Assessment sheet (ES)'!FDZ76 -> 0 | FEE76: ='Assessment sheet (ES)'!FEG76 -> 0 | FEF76: ='Assessment sheet (ES)'!FEH76 -> 0 | FEM76: ='Assessment sheet (ES)'!FEO76 -> 0 | FEN76: ='Assessment sheet (ES)'!FEP76 -> 0 | FEU76: ='Assessment sheet (ES)'!FEW76 -> 0 | FEV76: ='Assessment sheet (ES)'!FEX76 -> 0 | FFC76: ='Assessment sheet (ES)'!FFE76 -> 0 | FFD76: ='Assessment sheet (ES)'!FFF76 -> 0 | FFK76: ='Assessment sheet (ES)'!FFM76 -> 0 | FFL76: ='Assessment sheet (ES)'!FFN76 -> 0 | FFS76: ='Assessment sheet (ES)'!FFU76 -> 0 | FFT76: ='Assessment sheet (ES)'!FFV76 -> 0 | FGA76: ='Assessment sheet (ES)'!FGC76 -> 0 | FGB76: ='Assessment sheet (ES)'!FGD76 -> 0 | FGI76: ='Assessment sheet (ES)'!FGK76 -> 0 | FGJ76: ='Assessment sheet (ES)'!FGL76 -> 0 | FGQ76: ='Assessment sheet (ES)'!FGS76 -> 0 | FGR76: ='Assessment sheet (ES)'!FGT76 -> 0 | FGY76: ='Assessment sheet (ES)'!FHA76 -> 0 | FGZ76: ='Assessment sheet (ES)'!FHB76 -> 0 | FHG76: ='Assessment sheet (ES)'!FHI76 -> 0 | FHH76: ='Assessment sheet (ES)'!FHJ76 -> 0 | FHO76: ='Assessment sheet (ES)'!FHQ76 -> 0 | FHP76: ='Assessment sheet (ES)'!FHR76 -> 0 | FHW76: ='Assessment sheet (ES)'!FHY76 -> 0 | FHX76: ='Assessment sheet (ES)'!FHZ76 -> 0 | FIE76: ='Assessment sheet (ES)'!FIG76 -> 0 | FIF76: ='Assessment sheet (ES)'!FIH76 -> 0 | FIM76: ='Assessment sheet (ES)'!FIO76 -> 0 | FIN76: ='Assessment sheet (ES)'!FIP76 -> 0 | FIU76: ='Assessment sheet (ES)'!FIW76 -> 0 | FIV76: ='Assessment sheet (ES)'!FIX76 -> 0 | FJC76: ='Assessment sheet (ES)'!FJE76 -> 0 | FJD76: ='Assessment sheet (ES)'!FJF76 -> 0 | FJK76: ='Assessment sheet (ES)'!FJM76 -> 0 | FJL76: ='Assessment sheet (ES)'!FJN76 -> 0 | FJS76: ='Assessment sheet (ES)'!FJU76 -> 0 | FJT76: ='Assessment sheet (ES)'!FJV76 -> 0 | FKA76: ='Assessment sheet (ES)'!FKC76 -> 0 | FKB76: ='Assessment sheet (ES)'!FKD76 -> 0 | FKI76: ='Assessment sheet (ES)'!FKK76 -> 0 | FKJ76: ='Assessment sheet (ES)'!FKL76 -> 0 | FKQ76: ='Assessment sheet (ES)'!FKS76 -> 0 | FKR76: ='Assessment sheet (ES)'!FKT76 -> 0 | FKY76: ='Assessment sheet (ES)'!FLA76 -> 0 | FKZ76: ='Assessment sheet (ES)'!FLB76 -> 0 | FLG76: ='Assessment sheet (ES)'!FLI76 -> 0 | FLH76: ='Assessment sheet (ES)'!FLJ76 -> 0 | FLO76: ='Assessment sheet (ES)'!FLQ76 -> 0 | FLP76: ='Assessment sheet (ES)'!FLR76 -> 0 | FLW76: ='Assessment sheet (ES)'!FLY76 -> 0 | FLX76: ='Assessment sheet (ES)'!FLZ76 -> 0 | FME76: ='Assessment sheet (ES)'!FMG76 -> 0 | FMF76: ='Assessment sheet (ES)'!FMH76 -> 0 | FMM76: ='Assessment sheet (ES)'!FMO76 -> 0 | FMN76: ='Assessment sheet (ES)'!FMP76 -> 0 | FMU76: ='Assessment sheet (ES)'!FMW76 -> 0 | FMV76: ='Assessment sheet (ES)'!FMX76 -> 0 | FNC76: ='Assessment sheet (ES)'!FNE76 -> 0 | FND76: ='Assessment sheet (ES)'!FNF76 -> 0 | FNK76: ='Assessment sheet (ES)'!FNM76 -> 0 | FNL76: ='Assessment sheet (ES)'!FNN76 -> 0 | FNS76: ='Assessment sheet (ES)'!FNU76 -> 0 | FNT76: ='Assessment sheet (ES)'!FNV76 -> 0 | FOA76: ='Assessment sheet (ES)'!FOC76 -> 0 | FOB76: ='Assessment sheet (ES)'!FOD76 -> 0 | FOI76: ='Assessment sheet (ES)'!FOK76 -> 0 | FOJ76: ='Assessment sheet (ES)'!FOL76 -> 0 | FOQ76: ='Assessment sheet (ES)'!FOS76 -> 0 | FOR76: ='Assessment sheet (ES)'!FOT76 -> 0 | FOY76: ='Assessment sheet (ES)'!FPA76 -> 0 | FOZ76: ='Assessment sheet (ES)'!FPB76 -> 0 | FPG76: ='Assessment sheet (ES)'!FPI76 -> 0 | FPH76: ='Assessment sheet (ES)'!FPJ76 -> 0 | FPO76: ='Assessment sheet (ES)'!FPQ76 -> 0 | FPP76: ='Assessment sheet (ES)'!FPR76 -> 0 | FPW76: ='Assessment sheet (ES)'!FPY76 -> 0 | FPX76: ='Assessment sheet (ES)'!FPZ76 -> 0 | FQE76: ='Assessment sheet (ES)'!FQG76 -> 0 | FQF76: ='Assessment sheet (ES)'!FQH76 -> 0 | FQM76: ='Assessment sheet (ES)'!FQO76 -> 0 | FQN76: ='Assessment sheet (ES)'!FQP76 -> 0 | FQU76: ='Assessment sheet (ES)'!FQW76 -> 0 | FQV76: ='Assessment sheet (ES)'!FQX76 -> 0 | FRC76: ='Assessment sheet (ES)'!FRE76 -> 0 | FRD76: ='Assessment sheet (ES)'!FRF76 -> 0 | FRK76: ='Assessment sheet (ES)'!FRM76 -> 0 | FRL76: ='Assessment sheet (ES)'!FRN76 -> 0 | FRS76: ='Assessment sheet (ES)'!FRU76 -> 0 | FRT76: ='Assessment sheet (ES)'!FRV76 -> 0 | FSA76: ='Assessment sheet (ES)'!FSC76 -> 0 | FSB76: ='Assessment sheet (ES)'!FSD76 -> 0 | FSI76: ='Assessment sheet (ES)'!FSK76 -> 0 | FSJ76: ='Assessment sheet (ES)'!FSL76 -> 0 | FSQ76: ='Assessment sheet (ES)'!FSS76 -> 0 | FSR76: ='Assessment sheet (ES)'!FST76 -> 0 | FSY76: ='Assessment sheet (ES)'!FTA76 -> 0 | FSZ76: ='Assessment sheet (ES)'!FTB76 -> 0 | FTG76: ='Assessment sheet (ES)'!FTI76 -> 0 | FTH76: ='Assessment sheet (ES)'!FTJ76 -> 0 | FTO76: ='Assessment sheet (ES)'!FTQ76 -> 0 | FTP76: ='Assessment sheet (ES)'!FTR76 -> 0 | FTW76: ='Assessment sheet (ES)'!FTY76 -> 0 | FTX76: ='Assessment sheet (ES)'!FTZ76 -> 0 | FUE76: ='Assessment sheet (ES)'!FUG76 -> 0 | FUF76: ='Assessment sheet (ES)'!FUH76 -> 0 | FUM76: ='Assessment sheet (ES)'!FUO76 -> 0 | FUN76: ='Assessment sheet (ES)'!FUP76 -> 0 | FUU76: ='Assessment sheet (ES)'!FUW76 -> 0 | FUV76: ='Assessment sheet (ES)'!FUX76 -> 0 | FVC76: ='Assessment sheet (ES)'!FVE76 -> 0 | FVD76: ='Assessment sheet (ES)'!FVF76 -> 0 | FVK76: ='Assessment sheet (ES)'!FVM76 -> 0 | FVL76: ='Assessment sheet (ES)'!FVN76 -> 0 | FVS76: ='Assessment sheet (ES)'!FVU76 -> 0 | FVT76: ='Assessment sheet (ES)'!FVV76 -> 0 | FWA76: ='Assessment sheet (ES)'!FWC76 -> 0 | FWB76: ='Assessment sheet (ES)'!FWD76 -> 0 | FWI76: ='Assessment sheet (ES)'!FWK76 -> 0 | FWJ76: ='Assessment sheet (ES)'!FWL76 -> 0 | FWQ76: ='Assessment sheet (ES)'!FWS76 -> 0 | FWR76: ='Assessment sheet (ES)'!FWT76 -> 0 | FWY76: ='Assessment sheet (ES)'!FXA76 -> 0 | FWZ76: ='Assessment sheet (ES)'!FXB76 -> 0 | FXG76: ='Assessment sheet (ES)'!FXI76 -> 0 | FXH76: ='Assessment sheet (ES)'!FXJ76 -> 0 | FXO76: ='Assessment sheet (ES)'!FXQ76 -> 0 | FXP76: ='Assessment sheet (ES)'!FXR76 -> 0 | FXW76: ='Assessment sheet (ES)'!FXY76 -> 0 | FXX76: ='Assessment sheet (ES)'!FXZ76 -> 0 | FYE76: ='Assessment sheet (ES)'!FYG76 -> 0 | FYF76: ='Assessment sheet (ES)'!FYH76 -> 0 | FYM76: ='Assessment sheet (ES)'!FYO76 -> 0 | FYN76: ='Assessment sheet (ES)'!FYP76 -> 0 | FYU76: ='Assessment sheet (ES)'!FYW76 -> 0 | FYV76: ='Assessment sheet (ES)'!FYX76 -> 0 | FZC76: ='Assessment sheet (ES)'!FZE76 -> 0 | FZD76: ='Assessment sheet (ES)'!FZF76 -> 0 | FZK76: ='Assessment sheet (ES)'!FZM76 -> 0 | FZL76: ='Assessment sheet (ES)'!FZN76 -> 0 | FZS76: ='Assessment sheet (ES)'!FZU76 -> 0 | FZT76: ='Assessment sheet (ES)'!FZV76 -> 0 | GAA76: ='Assessment sheet (ES)'!GAC76 -> 0 | GAB76: ='Assessment sheet (ES)'!GAD76 -> 0 | GAI76: ='Assessment sheet (ES)'!GAK76 -> 0 | GAJ76: ='Assessment sheet (ES)'!GAL76 -> 0 | GAQ76: ='Assessment sheet (ES)'!GAS76 -> 0 | GAR76: ='Assessment sheet (ES)'!GAT76 -> 0 | GAY76: ='Assessment sheet (ES)'!GBA76 -> 0 | GAZ76: ='Assessment sheet (ES)'!GBB76 -> 0 | GBG76: ='Assessment sheet (ES)'!GBI76 -> 0 | GBH76: ='Assessment sheet (ES)'!GBJ76 -> 0 | GBO76: ='Assessment sheet (ES)'!GBQ76 -> 0 | GBP76: ='Assessment sheet (ES)'!GBR76 -> 0 | GBW76: ='Assessment sheet (ES)'!GBY76 -> 0 | GBX76: ='Assessment sheet (ES)'!GBZ76 -> 0 | GCE76: ='Assessment sheet (ES)'!GCG76 -> 0 | GCF76: ='Assessment sheet (ES)'!GCH76 -> 0 | GCM76: ='Assessment sheet (ES)'!GCO76 -> 0 | GCN76: ='Assessment sheet (ES)'!GCP76 -> 0 | GCU76: ='Assessment sheet (ES)'!GCW76 -> 0 | GCV76: ='Assessment sheet (ES)'!GCX76 -> 0 | GDC76: ='Assessment sheet (ES)'!GDE76 -> 0 | GDD76: ='Assessment sheet (ES)'!GDF76 -> 0 | GDK76: ='Assessment sheet (ES)'!GDM76 -> 0 | GDL76: ='Assessment sheet (ES)'!GDN76 -> 0 | GDS76: ='Assessment sheet (ES)'!GDU76 -> 0 | GDT76: ='Assessment sheet (ES)'!GDV76 -> 0 | GEA76: ='Assessment sheet (ES)'!GEC76 -> 0 | GEB76: ='Assessment sheet (ES)'!GED76 -> 0 | GEI76: ='Assessment sheet (ES)'!GEK76 -> 0 | GEJ76: ='Assessment sheet (ES)'!GEL76 -> 0 | GEQ76: ='Assessment sheet (ES)'!GES76 -> 0 | GER76: ='Assessment sheet (ES)'!GET76 -> 0 | GEY76: ='Assessment sheet (ES)'!GFA76 -> 0 | GEZ76: ='Assessment sheet (ES)'!GFB76 -> 0 | GFG76: ='Assessment sheet (ES)'!GFI76 -> 0 | GFH76: ='Assessment sheet (ES)'!GFJ76 -> 0 | GFO76: ='Assessment sheet (ES)'!GFQ76 -> 0 | GFP76: ='Assessment sheet (ES)'!GFR76 -> 0 | GFW76: ='Assessment sheet (ES)'!GFY76 -> 0 | GFX76: ='Assessment sheet (ES)'!GFZ76 -> 0 | GGE76: ='Assessment sheet (ES)'!GGG76 -> 0 | GGF76: ='Assessment sheet (ES)'!GGH76 -> 0 | GGM76: ='Assessment sheet (ES)'!GGO76 -> 0 | GGN76: ='Assessment sheet (ES)'!GGP76 -> 0 | GGU76: ='Assessment sheet (ES)'!GGW76 -> 0 | GGV76: ='Assessment sheet (ES)'!GGX76 -> 0 | GHC76: ='Assessment sheet (ES)'!GHE76 -> 0 | GHD76: ='Assessment sheet (ES)'!GHF76 -> 0 | GHK76: ='Assessment sheet (ES)'!GHM76 -> 0 | GHL76: ='Assessment sheet (ES)'!GHN76 -> 0 | GHS76: ='Assessment sheet (ES)'!GHU76 -> 0 | GHT76: ='Assessment sheet (ES)'!GHV76 -> 0 | GIA76: ='Assessment sheet (ES)'!GIC76 -> 0 | GIB76: ='Assessment sheet (ES)'!GID76 -> 0 | GII76: ='Assessment sheet (ES)'!GIK76 -> 0 | GIJ76: ='Assessment sheet (ES)'!GIL76 -> 0 | GIQ76: ='Assessment sheet (ES)'!GIS76 -> 0 | GIR76: ='Assessment sheet (ES)'!GIT76 -> 0 | GIY76: ='Assessment sheet (ES)'!GJA76 -> 0 | GIZ76: ='Assessment sheet (ES)'!GJB76 -> 0 | GJG76: ='Assessment sheet (ES)'!GJI76 -> 0 | GJH76: ='Assessment sheet (ES)'!GJJ76 -> 0 | GJO76: ='Assessment sheet (ES)'!GJQ76 -> 0 | GJP76: ='Assessment sheet (ES)'!GJR76 -> 0 | GJW76: ='Assessment sheet (ES)'!GJY76 -> 0 | GJX76: ='Assessment sheet (ES)'!GJZ76 -> 0 | GKE76: ='Assessment sheet (ES)'!GKG76 -> 0 | GKF76: ='Assessment sheet (ES)'!GKH76 -> 0 | GKM76: ='Assessment sheet (ES)'!GKO76 -> 0 | GKN76: ='Assessment sheet (ES)'!GKP76 -> 0 | GKU76: ='Assessment sheet (ES)'!GKW76 -> 0 | GKV76: ='Assessment sheet (ES)'!GKX76 -> 0 | GLC76: ='Assessment sheet (ES)'!GLE76 -> 0 | GLD76: ='Assessment sheet (ES)'!GLF76 -> 0 | GLK76: ='Assessment sheet (ES)'!GLM76 -> 0 | GLL76: ='Assessment sheet (ES)'!GLN76 -> 0 | GLS76: ='Assessment sheet (ES)'!GLU76 -> 0 | GLT76: ='Assessment sheet (ES)'!GLV76 -> 0 | GMA76: ='Assessment sheet (ES)'!GMC76 -> 0 | GMB76: ='Assessment sheet (ES)'!GMD76 -> 0 | GMI76: ='Assessment sheet (ES)'!GMK76 -> 0 | GMJ76: ='Assessment sheet (ES)'!GML76 -> 0 | GMQ76: ='Assessment sheet (ES)'!GMS76 -> 0 | GMR76: ='Assessment sheet (ES)'!GMT76 -> 0 | GMY76: ='Assessment sheet (ES)'!GNA76 -> 0 | GMZ76: ='Assessment sheet (ES)'!GNB76 -> 0 | GNG76: ='Assessment sheet (ES)'!GNI76 -> 0 | GNH76: ='Assessment sheet (ES)'!GNJ76 -> 0 | GNO76: ='Assessment sheet (ES)'!GNQ76 -> 0 | GNP76: ='Assessment sheet (ES)'!GNR76 -> 0 | GNW76: ='Assessment sheet (ES)'!GNY76 -> 0 | GNX76: ='Assessment sheet (ES)'!GNZ76 -> 0 | GOE76: ='Assessment sheet (ES)'!GOG76 -> 0 | GOF76: ='Assessment sheet (ES)'!GOH76 -> 0 | GOM76: ='Assessment sheet (ES)'!GOO76 -> 0 | GON76: ='Assessment sheet (ES)'!GOP76 -> 0 | GOU76: ='Assessment sheet (ES)'!GOW76 -> 0 | GOV76: ='Assessment sheet (ES)'!GOX76 -> 0 | GPC76: ='Assessment sheet (ES)'!GPE76 -> 0 | GPD76: ='Assessment sheet (ES)'!GPF76 -> 0 | GPK76: ='Assessment sheet (ES)'!GPM76 -> 0 | GPL76: ='Assessment sheet (ES)'!GPN76 -> 0 | GPS76: ='Assessment sheet (ES)'!GPU76 -> 0 | GPT76: ='Assessment sheet (ES)'!GPV76 -> 0 | GQA76: ='Assessment sheet (ES)'!GQC76 -> 0 | GQB76: ='Assessment sheet (ES)'!GQD76 -> 0 | GQI76: ='Assessment sheet (ES)'!GQK76 -> 0 | GQJ76: ='Assessment sheet (ES)'!GQL76 -> 0 | GQQ76: ='Assessment sheet (ES)'!GQS76 -> 0 | GQR76: ='Assessment sheet (ES)'!GQT76 -> 0 | GQY76: ='Assessment sheet (ES)'!GRA76 -> 0 | GQZ76: ='Assessment sheet (ES)'!GRB76 -> 0 | GRG76: ='Assessment sheet (ES)'!GRI76 -> 0 | GRH76: ='Assessment sheet (ES)'!GRJ76 -> 0 | GRO76: ='Assessment sheet (ES)'!GRQ76 -> 0 | GRP76: ='Assessment sheet (ES)'!GRR76 -> 0 | GRW76: ='Assessment sheet (ES)'!GRY76 -> 0 | GRX76: ='Assessment sheet (ES)'!GRZ76 -> 0 | GSE76: ='Assessment sheet (ES)'!GSG76 -> 0 | GSF76: ='Assessment sheet (ES)'!GSH76 -> 0 | GSM76: ='Assessment sheet (ES)'!GSO76 -> 0 | GSN76: ='Assessment sheet (ES)'!GSP76 -> 0 | GSU76: ='Assessment sheet (ES)'!GSW76 -> 0 | GSV76: ='Assessment sheet (ES)'!GSX76 -> 0 | GTC76: ='Assessment sheet (ES)'!GTE76 -> 0 | GTD76: ='Assessment sheet (ES)'!GTF76 -> 0 | GTK76: ='Assessment sheet (ES)'!GTM76 -> 0 | GTL76: ='Assessment sheet (ES)'!GTN76 -> 0 | GTS76: ='Assessment sheet (ES)'!GTU76 -> 0 | GTT76: ='Assessment sheet (ES)'!GTV76 -> 0 | GUA76: ='Assessment sheet (ES)'!GUC76 -> 0 | GUB76: ='Assessment sheet (ES)'!GUD76 -> 0 | GUI76: ='Assessment sheet (ES)'!GUK76 -> 0 | GUJ76: ='Assessment sheet (ES)'!GUL76 -> 0 | GUQ76: ='Assessment sheet (ES)'!GUS76 -> 0 | GUR76: ='Assessment sheet (ES)'!GUT76 -> 0 | GUY76: ='Assessment sheet (ES)'!GVA76 -> 0 | GUZ76: ='Assessment sheet (ES)'!GVB76 -> 0 | GVG76: ='Assessment sheet (ES)'!GVI76 -> 0 | GVH76: ='Assessment sheet (ES)'!GVJ76 -> 0 | GVO76: ='Assessment sheet (ES)'!GVQ76 -> 0 | GVP76: ='Assessment sheet (ES)'!GVR76 -> 0 | GVW76: ='Assessment sheet (ES)'!GVY76 -> 0 | GVX76: ='Assessment sheet (ES)'!GVZ76 -> 0 | GWE76: ='Assessment sheet (ES)'!GWG76 -> 0 | GWF76: ='Assessment sheet (ES)'!GWH76 -> 0 | GWM76: ='Assessment sheet (ES)'!GWO76 -> 0 | GWN76: ='Assessment sheet (ES)'!GWP76 -> 0 | GWU76: ='Assessment sheet (ES)'!GWW76 -> 0 | GWV76: ='Assessment sheet (ES)'!GWX76 -> 0 | GXC76: ='Assessment sheet (ES)'!GXE76 -> 0 | GXD76: ='Assessment sheet (ES)'!GXF76 -> 0 | GXK76: ='Assessment sheet (ES)'!GXM76 -> 0 | GXL76: ='Assessment sheet (ES)'!GXN76 -> 0 | GXS76: ='Assessment sheet (ES)'!GXU76 -> 0 | GXT76: ='Assessment sheet (ES)'!GXV76 -> 0 | GYA76: ='Assessment sheet (ES)'!GYC76 -> 0 | GYB76: ='Assessment sheet (ES)'!GYD76 -> 0 | GYI76: ='Assessment sheet (ES)'!GYK76 -> 0 | GYJ76: ='Assessment sheet (ES)'!GYL76 -> 0 | GYQ76: ='Assessment sheet (ES)'!GYS76 -> 0 | GYR76: ='Assessment sheet (ES)'!GYT76 -> 0 | GYY76: ='Assessment sheet (ES)'!GZA76 -> 0 | GYZ76: ='Assessment sheet (ES)'!GZB76 -> 0 | GZG76: ='Assessment sheet (ES)'!GZI76 -> 0 | GZH76: ='Assessment sheet (ES)'!GZJ76 -> 0 | GZO76: ='Assessment sheet (ES)'!GZQ76 -> 0 | GZP76: ='Assessment sheet (ES)'!GZR76 -> 0 | GZW76: ='Assessment sheet (ES)'!GZY76 -> 0 | GZX76: ='Assessment sheet (ES)'!GZZ76 -> 0 | HAE76: ='Assessment sheet (ES)'!HAG76 -> 0 | HAF76: ='Assessment sheet (ES)'!HAH76 -> 0 | HAM76: ='Assessment sheet (ES)'!HAO76 -> 0 | HAN76: ='Assessment sheet (ES)'!HAP76 -> 0 | HAU76: ='Assessment sheet (ES)'!HAW76 -> 0 | HAV76: ='Assessment sheet (ES)'!HAX76 -> 0 | HBC76: ='Assessment sheet (ES)'!HBE76 -> 0 | HBD76: ='Assessment sheet (ES)'!HBF76 -> 0 | HBK76: ='Assessment sheet (ES)'!HBM76 -> 0 | HBL76: ='Assessment sheet (ES)'!HBN76 -> 0 | HBS76: ='Assessment sheet (ES)'!HBU76 -> 0 | HBT76: ='Assessment sheet (ES)'!HBV76 -> 0 | HCA76: ='Assessment sheet (ES)'!HCC76 -> 0 | HCB76: ='Assessment sheet (ES)'!HCD76 -> 0 | HCI76: ='Assessment sheet (ES)'!HCK76 -> 0 | HCJ76: ='Assessment sheet (ES)'!HCL76 -> 0 | HCQ76: ='Assessment sheet (ES)'!HCS76 -> 0 | HCR76: ='Assessment sheet (ES)'!HCT76 -> 0 | HCY76: ='Assessment sheet (ES)'!HDA76 -> 0 | HCZ76: ='Assessment sheet (ES)'!HDB76 -> 0 | HDG76: ='Assessment sheet (ES)'!HDI76 -> 0 | HDH76: ='Assessment sheet (ES)'!HDJ76 -> 0 | HDO76: ='Assessment sheet (ES)'!HDQ76 -> 0 | HDP76: ='Assessment sheet (ES)'!HDR76 -> 0 | HDW76: ='Assessment sheet (ES)'!HDY76 -> 0 | HDX76: ='Assessment sheet (ES)'!HDZ76 -> 0 | HEE76: ='Assessment sheet (ES)'!HEG76 -> 0 | HEF76: ='Assessment sheet (ES)'!HEH76 -> 0 | HEM76: ='Assessment sheet (ES)'!HEO76 -> 0 | HEN76: ='Assessment sheet (ES)'!HEP76 -> 0 | HEU76: ='Assessment sheet (ES)'!HEW76 -> 0 | HEV76: ='Assessment sheet (ES)'!HEX76 -> 0 | HFC76: ='Assessment sheet (ES)'!HFE76 -> 0 | HFD76: ='Assessment sheet (ES)'!HFF76 -> 0 | HFK76: ='Assessment sheet (ES)'!HFM76 -> 0 | HFL76: ='Assessment sheet (ES)'!HFN76 -> 0 | HFS76: ='Assessment sheet (ES)'!HFU76 -> 0 | HFT76: ='Assessment sheet (ES)'!HFV76 -> 0 | HGA76: ='Assessment sheet (ES)'!HGC76 -> 0 | HGB76: ='Assessment sheet (ES)'!HGD76 -> 0 | HGI76: ='Assessment sheet (ES)'!HGK76 -> 0 | HGJ76: ='Assessment sheet (ES)'!HGL76 -> 0 | HGQ76: ='Assessment sheet (ES)'!HGS76 -> 0 | HGR76: ='Assessment sheet (ES)'!HGT76 -> 0 | HGY76: ='Assessment sheet (ES)'!HHA76 -> 0 | HGZ76: ='Assessment sheet (ES)'!HHB76 -> 0 | HHG76: ='Assessment sheet (ES)'!HHI76 -> 0 | HHH76: ='Assessment sheet (ES)'!HHJ76 -> 0 | HHO76: ='Assessment sheet (ES)'!HHQ76 -> 0 | HHP76: ='Assessment sheet (ES)'!HHR76 -> 0 | HHW76: ='Assessment sheet (ES)'!HHY76 -> 0 | HHX76: ='Assessment sheet (ES)'!HHZ76 -> 0 | HIE76: ='Assessment sheet (ES)'!HIG76 -> 0 | HIF76: ='Assessment sheet (ES)'!HIH76 -> 0 | HIM76: ='Assessment sheet (ES)'!HIO76 -> 0 | HIN76: ='Assessment sheet (ES)'!HIP76 -> 0 | HIU76: ='Assessment sheet (ES)'!HIW76 -> 0 | HIV76: ='Assessment sheet (ES)'!HIX76 -> 0 | HJC76: ='Assessment sheet (ES)'!HJE76 -> 0 | HJD76: ='Assessment sheet (ES)'!HJF76 -> 0 | HJK76: ='Assessment sheet (ES)'!HJM76 -> 0 | HJL76: ='Assessment sheet (ES)'!HJN76 -> 0 | HJS76: ='Assessment sheet (ES)'!HJU76 -> 0 | HJT76: ='Assessment sheet (ES)'!HJV76 -> 0 | HKA76: ='Assessment sheet (ES)'!HKC76 -> 0 | HKB76: ='Assessment sheet (ES)'!HKD76 -> 0 | HKI76: ='Assessment sheet (ES)'!HKK76 -> 0 | HKJ76: ='Assessment sheet (ES)'!HKL76 -> 0 | HKQ76: ='Assessment sheet (ES)'!HKS76 -> 0 | HKR76: ='Assessment sheet (ES)'!HKT76 -> 0 | HKY76: ='Assessment sheet (ES)'!HLA76 -> 0 | HKZ76: ='Assessment sheet (ES)'!HLB76 -> 0 | HLG76: ='Assessment sheet (ES)'!HLI76 -> 0 | HLH76: ='Assessment sheet (ES)'!HLJ76 -> 0 | HLO76: ='Assessment sheet (ES)'!HLQ76 -> 0 | HLP76: ='Assessment sheet (ES)'!HLR76 -> 0 | HLW76: ='Assessment sheet (ES)'!HLY76 -> 0 | HLX76: ='Assessment sheet (ES)'!HLZ76 -> 0 | HME76: ='Assessment sheet (ES)'!HMG76 -> 0 | HMF76: ='Assessment sheet (ES)'!HMH76 -> 0 | HMM76: ='Assessment sheet (ES)'!HMO76 -> 0 | HMN76: ='Assessment sheet (ES)'!HMP76 -> 0 | HMU76: ='Assessment sheet (ES)'!HMW76 -> 0 | HMV76: ='Assessment sheet (ES)'!HMX76 -> 0 | HNC76: ='Assessment sheet (ES)'!HNE76 -> 0 | HND76: ='Assessment sheet (ES)'!HNF76 -> 0 | HNK76: ='Assessment sheet (ES)'!HNM76 -> 0 | HNL76: ='Assessment sheet (ES)'!HNN76 -> 0 | HNS76: ='Assessment sheet (ES)'!HNU76 -> 0 | HNT76: ='Assessment sheet (ES)'!HNV76 -> 0 | HOA76: ='Assessment sheet (ES)'!HOC76 -> 0 | HOB76: ='Assessment sheet (ES)'!HOD76 -> 0 | HOI76: ='Assessment sheet (ES)'!HOK76 -> 0 | HOJ76: ='Assessment sheet (ES)'!HOL76 -> 0 | HOQ76: ='Assessment sheet (ES)'!HOS76 -> 0 | HOR76: ='Assessment sheet (ES)'!HOT76 -> 0 | HOY76: ='Assessment sheet (ES)'!HPA76 -> 0 | HOZ76: ='Assessment sheet (ES)'!HPB76 -> 0 | HPG76: ='Assessment sheet (ES)'!HPI76 -> 0 | HPH76: ='Assessment sheet (ES)'!HPJ76 -> 0 | HPO76: ='Assessment sheet (ES)'!HPQ76 -> 0 | HPP76: ='Assessment sheet (ES)'!HPR76 -> 0 | HPW76: ='Assessment sheet (ES)'!HPY76 -> 0 | HPX76: ='Assessment sheet (ES)'!HPZ76 -> 0 | HQE76: ='Assessment sheet (ES)'!HQG76 -> 0 | HQF76: ='Assessment sheet (ES)'!HQH76 -> 0 | HQM76: ='Assessment sheet (ES)'!HQO76 -> 0 | HQN76: ='Assessment sheet (ES)'!HQP76 -> 0 | HQU76: ='Assessment sheet (ES)'!HQW76 -> 0 | HQV76: ='Assessment sheet (ES)'!HQX76 -> 0 | HRC76: ='Assessment sheet (ES)'!HRE76 -> 0 | HRD76: ='Assessment sheet (ES)'!HRF76 -> 0 | HRK76: ='Assessment sheet (ES)'!HRM76 -> 0 | HRL76: ='Assessment sheet (ES)'!HRN76 -> 0 | HRS76: ='Assessment sheet (ES)'!HRU76 -> 0 | HRT76: ='Assessment sheet (ES)'!HRV76 -> 0 | HSA76: ='Assessment sheet (ES)'!HSC76 -> 0 | HSB76: ='Assessment sheet (ES)'!HSD76 -> 0 | HSI76: ='Assessment sheet (ES)'!HSK76 -> 0 | HSJ76: ='Assessment sheet (ES)'!HSL76 -> 0 | HSQ76: ='Assessment sheet (ES)'!HSS76 -> 0 | HSR76: ='Assessment sheet (ES)'!HST76 -> 0 | HSY76: ='Assessment sheet (ES)'!HTA76 -> 0 | HSZ76: ='Assessment sheet (ES)'!HTB76 -> 0 | HTG76: ='Assessment sheet (ES)'!HTI76 -> 0 | HTH76: ='Assessment sheet (ES)'!HTJ76 -> 0 | HTO76: ='Assessment sheet (ES)'!HTQ76 -> 0 | HTP76: ='Assessment sheet (ES)'!HTR76 -> 0 | HTW76: ='Assessment sheet (ES)'!HTY76 -> 0 | HTX76: ='Assessment sheet (ES)'!HTZ76 -> 0 | HUE76: ='Assessment sheet (ES)'!HUG76 -> 0 | HUF76: ='Assessment sheet (ES)'!HUH76 -> 0 | HUM76: ='Assessment sheet (ES)'!HUO76 -> 0 | HUN76: ='Assessment sheet (ES)'!HUP76 -> 0 | HUU76: ='Assessment sheet (ES)'!HUW76 -> 0 | HUV76: ='Assessment sheet (ES)'!HUX76 -> 0 | HVC76: ='Assessment sheet (ES)'!HVE76 -> 0 | HVD76: ='Assessment sheet (ES)'!HVF76 -> 0 | HVK76: ='Assessment sheet (ES)'!HVM76 -> 0 | HVL76: ='Assessment sheet (ES)'!HVN76 -> 0 | HVS76: ='Assessment sheet (ES)'!HVU76 -> 0 | HVT76: ='Assessment sheet (ES)'!HVV76 -> 0 | HWA76: ='Assessment sheet (ES)'!HWC76 -> 0 | HWB76: ='Assessment sheet (ES)'!HWD76 -> 0 | HWI76: ='Assessment sheet (ES)'!HWK76 -> 0 | HWJ76: ='Assessment sheet (ES)'!HWL76 -> 0 | HWQ76: ='Assessment sheet (ES)'!HWS76 -> 0 | HWR76: ='Assessment sheet (ES)'!HWT76 -> 0 | HWY76: ='Assessment sheet (ES)'!HXA76 -> 0 | HWZ76: ='Assessment sheet (ES)'!HXB76 -> 0 | HXG76: ='Assessment sheet (ES)'!HXI76 -> 0 | HXH76: ='Assessment sheet (ES)'!HXJ76 -> 0 | HXO76: ='Assessment sheet (ES)'!HXQ76 -> 0 | HXP76: ='Assessment sheet (ES)'!HXR76 -> 0 | HXW76: ='Assessment sheet (ES)'!HXY76 -> 0 | HXX76: ='Assessment sheet (ES)'!HXZ76 -> 0 | HYE76: ='Assessment sheet (ES)'!HYG76 -> 0 | HYF76: ='Assessment sheet (ES)'!HYH76 -> 0 | HYM76: ='Assessment sheet (ES)'!HYO76 -> 0 | HYN76: ='Assessment sheet (ES)'!HYP76 -> 0 | HYU76: ='Assessment sheet (ES)'!HYW76 -> 0 | HYV76: ='Assessment sheet (ES)'!HYX76 -> 0 | HZC76: ='Assessment sheet (ES)'!HZE76 -> 0 | HZD76: ='Assessment sheet (ES)'!HZF76 -> 0 | HZK76: ='Assessment sheet (ES)'!HZM76 -> 0 | HZL76: ='Assessment sheet (ES)'!HZN76 -> 0 | HZS76: ='Assessment sheet (ES)'!HZU76 -> 0 | HZT76: ='Assessment sheet (ES)'!HZV76 -> 0 | IAA76: ='Assessment sheet (ES)'!IAC76 -> 0 | IAB76: ='Assessment sheet (ES)'!IAD76 -> 0 | IAI76: ='Assessment sheet (ES)'!IAK76 -> 0 | IAJ76: ='Assessment sheet (ES)'!IAL76 -> 0 | IAQ76: ='Assessment sheet (ES)'!IAS76 -> 0 | IAR76: ='Assessment sheet (ES)'!IAT76 -> 0 | IAY76: ='Assessment sheet (ES)'!IBA76 -> 0 | IAZ76: ='Assessment sheet (ES)'!IBB76 -> 0 | IBG76: ='Assessment sheet (ES)'!IBI76 -> 0 | IBH76: ='Assessment sheet (ES)'!IBJ76 -> 0 | IBO76: ='Assessment sheet (ES)'!IBQ76 -> 0 | IBP76: ='Assessment sheet (ES)'!IBR76 -> 0 | IBW76: ='Assessment sheet (ES)'!IBY76 -> 0 | IBX76: ='Assessment sheet (ES)'!IBZ76 -> 0 | ICE76: ='Assessment sheet (ES)'!ICG76 -> 0 | ICF76: ='Assessment sheet (ES)'!ICH76 -> 0 | ICM76: ='Assessment sheet (ES)'!ICO76 -> 0 | ICN76: ='Assessment sheet (ES)'!ICP76 -> 0 | ICU76: ='Assessment sheet (ES)'!ICW76 -> 0 | ICV76: ='Assessment sheet (ES)'!ICX76 -> 0 | IDC76: ='Assessment sheet (ES)'!IDE76 -> 0 | IDD76: ='Assessment sheet (ES)'!IDF76 -> 0 | IDK76: ='Assessment sheet (ES)'!IDM76 -> 0 | IDL76: ='Assessment sheet (ES)'!IDN76 -> 0 | IDS76: ='Assessment sheet (ES)'!IDU76 -> 0 | IDT76: ='Assessment sheet (ES)'!IDV76 -> 0 | IEA76: ='Assessment sheet (ES)'!IEC76 -> 0 | IEB76: ='Assessment sheet (ES)'!IED76 -> 0 | IEI76: ='Assessment sheet (ES)'!IEK76 -> 0 | IEJ76: ='Assessment sheet (ES)'!IEL76 -> 0 | IEQ76: ='Assessment sheet (ES)'!IES76 -> 0 | IER76: ='Assessment sheet (ES)'!IET76 -> 0 | IEY76: ='Assessment sheet (ES)'!IFA76 -> 0 | IEZ76: ='Assessment sheet (ES)'!IFB76 -> 0 | IFG76: ='Assessment sheet (ES)'!IFI76 -> 0 | IFH76: ='Assessment sheet (ES)'!IFJ76 -> 0 | IFO76: ='Assessment sheet (ES)'!IFQ76 -> 0 | IFP76: ='Assessment sheet (ES)'!IFR76 -> 0 | IFW76: ='Assessment sheet (ES)'!IFY76 -> 0 | IFX76: ='Assessment sheet (ES)'!IFZ76 -> 0 | IGE76: ='Assessment sheet (ES)'!IGG76 -> 0 | IGF76: ='Assessment sheet (ES)'!IGH76 -> 0 | IGM76: ='Assessment sheet (ES)'!IGO76 -> 0 | IGN76: ='Assessment sheet (ES)'!IGP76 -> 0 | IGU76: ='Assessment sheet (ES)'!IGW76 -> 0 | IGV76: ='Assessment sheet (ES)'!IGX76 -> 0 | IHC76: ='Assessment sheet (ES)'!IHE76 -> 0 | IHD76: ='Assessment sheet (ES)'!IHF76 -> 0 | IHK76: ='Assessment sheet (ES)'!IHM76 -> 0 | IHL76: ='Assessment sheet (ES)'!IHN76 -> 0 | IHS76: ='Assessment sheet (ES)'!IHU76 -> 0 | IHT76: ='Assessment sheet (ES)'!IHV76 -> 0 | IIA76: ='Assessment sheet (ES)'!IIC76 -> 0 | IIB76: ='Assessment sheet (ES)'!IID76 -> 0 | III76: ='Assessment sheet (ES)'!IIK76 -> 0 | IIJ76: ='Assessment sheet (ES)'!IIL76 -> 0 | IIQ76: ='Assessment sheet (ES)'!IIS76 -> 0 | IIR76: ='Assessment sheet (ES)'!IIT76 -> 0 | IIY76: ='Assessment sheet (ES)'!IJA76 -> 0 | IIZ76: ='Assessment sheet (ES)'!IJB76 -> 0 | IJG76: ='Assessment sheet (ES)'!IJI76 -> 0 | IJH76: ='Assessment sheet (ES)'!IJJ76 -> 0 | IJO76: ='Assessment sheet (ES)'!IJQ76 -> 0 | IJP76: ='Assessment sheet (ES)'!IJR76 -> 0 | IJW76: ='Assessment sheet (ES)'!IJY76 -> 0 | IJX76: ='Assessment sheet (ES)'!IJZ76 -> 0 | IKE76: ='Assessment sheet (ES)'!IKG76 -> 0 | IKF76: ='Assessment sheet (ES)'!IKH76 -> 0 | IKM76: ='Assessment sheet (ES)'!IKO76 -> 0 | IKN76: ='Assessment sheet (ES)'!IKP76 -> 0 | IKU76: ='Assessment sheet (ES)'!IKW76 -> 0 | IKV76: ='Assessment sheet (ES)'!IKX76 -> 0 | ILC76: ='Assessment sheet (ES)'!ILE76 -> 0 | ILD76: ='Assessment sheet (ES)'!ILF76 -> 0 | ILK76: ='Assessment sheet (ES)'!ILM76 -> 0 | ILL76: ='Assessment sheet (ES)'!ILN76 -> 0 | ILS76: ='Assessment sheet (ES)'!ILU76 -> 0 | ILT76: ='Assessment sheet (ES)'!ILV76 -> 0 | IMA76: ='Assessment sheet (ES)'!IMC76 -> 0 | IMB76: ='Assessment sheet (ES)'!IMD76 -> 0 | IMI76: ='Assessment sheet (ES)'!IMK76 -> 0 | IMJ76: ='Assessment sheet (ES)'!IML76 -> 0 | IMQ76: ='Assessment sheet (ES)'!IMS76 -> 0 | IMR76: ='Assessment sheet (ES)'!IMT76 -> 0 | IMY76: ='Assessment sheet (ES)'!INA76 -> 0 | IMZ76: ='Assessment sheet (ES)'!INB76 -> 0 | ING76: ='Assessment sheet (ES)'!INI76 -> 0 | INH76: ='Assessment sheet (ES)'!INJ76 -> 0 | INO76: ='Assessment sheet (ES)'!INQ76 -> 0 | INP76: ='Assessment sheet (ES)'!INR76 -> 0 | INW76: ='Assessment sheet (ES)'!INY76 -> 0 | INX76: ='Assessment sheet (ES)'!INZ76 -> 0 | IOE76: ='Assessment sheet (ES)'!IOG76 -> 0 | IOF76: ='Assessment sheet (ES)'!IOH76 -> 0 | IOM76: ='Assessment sheet (ES)'!IOO76 -> 0 | ION76: ='Assessment sheet (ES)'!IOP76 -> 0 | IOU76: ='Assessment sheet (ES)'!IOW76 -> 0 | IOV76: ='Assessment sheet (ES)'!IOX76 -> 0 | IPC76: ='Assessment sheet (ES)'!IPE76 -> 0 | IPD76: ='Assessment sheet (ES)'!IPF76 -> 0 | IPK76: ='Assessment sheet (ES)'!IPM76 -> 0 | IPL76: ='Assessment sheet (ES)'!IPN76 -> 0 | IPS76: ='Assessment sheet (ES)'!IPU76 -> 0 | IPT76: ='Assessment sheet (ES)'!IPV76 -> 0 | IQA76: ='Assessment sheet (ES)'!IQC76 -> 0 | IQB76: ='Assessment sheet (ES)'!IQD76 -> 0 | IQI76: ='Assessment sheet (ES)'!IQK76 -> 0 | IQJ76: ='Assessment sheet (ES)'!IQL76 -> 0 | IQQ76: ='Assessment sheet (ES)'!IQS76 -> 0 | IQR76: ='Assessment sheet (ES)'!IQT76 -> 0 | IQY76: ='Assessment sheet (ES)'!IRA76 -> 0 | IQZ76: ='Assessment sheet (ES)'!IRB76 -> 0 | IRG76: ='Assessment sheet (ES)'!IRI76 -> 0 | IRH76: ='Assessment sheet (ES)'!IRJ76 -> 0 | IRO76: ='Assessment sheet (ES)'!IRQ76 -> 0 | IRP76: ='Assessment sheet (ES)'!IRR76 -> 0 | IRW76: ='Assessment sheet (ES)'!IRY76 -> 0 | IRX76: ='Assessment sheet (ES)'!IRZ76 -> 0 | ISE76: ='Assessment sheet (ES)'!ISG76 -> 0 | ISF76: ='Assessment sheet (ES)'!ISH76 -> 0 | ISM76: ='Assessment sheet (ES)'!ISO76 -> 0 | ISN76: ='Assessment sheet (ES)'!ISP76 -> 0 | ISU76: ='Assessment sheet (ES)'!ISW76 -> 0 | ISV76: ='Assessment sheet (ES)'!ISX76 -> 0 | ITC76: ='Assessment sheet (ES)'!ITE76 -> 0 | ITD76: ='Assessment sheet (ES)'!ITF76 -> 0 | ITK76: ='Assessment sheet (ES)'!ITM76 -> 0 | ITL76: ='Assessment sheet (ES)'!ITN76 -> 0 | ITS76: ='Assessment sheet (ES)'!ITU76 -> 0 | ITT76: ='Assessment sheet (ES)'!ITV76 -> 0 | IUA76: ='Assessment sheet (ES)'!IUC76 -> 0 | IUB76: ='Assessment sheet (ES)'!IUD76 -> 0 | IUI76: ='Assessment sheet (ES)'!IUK76 -> 0 | IUJ76: ='Assessment sheet (ES)'!IUL76 -> 0 | IUQ76: ='Assessment sheet (ES)'!IUS76 -> 0 | IUR76: ='Assessment sheet (ES)'!IUT76 -> 0 | IUY76: ='Assessment sheet (ES)'!IVA76 -> 0 | IUZ76: ='Assessment sheet (ES)'!IVB76 -> 0 | IVG76: ='Assessment sheet (ES)'!IVI76 -> 0 | IVH76: ='Assessment sheet (ES)'!IVJ76 -> 0 | IVO76: ='Assessment sheet (ES)'!IVQ76 -> 0 | IVP76: ='Assessment sheet (ES)'!IVR76 -> 0 | IVW76: ='Assessment sheet (ES)'!IVY76 -> 0 | IVX76: ='Assessment sheet (ES)'!IVZ76 -> 0 | IWE76: ='Assessment sheet (ES)'!IWG76 -> 0 | IWF76: ='Assessment sheet (ES)'!IWH76 -> 0 | IWM76: ='Assessment sheet (ES)'!IWO76 -> 0 | IWN76: ='Assessment sheet (ES)'!IWP76 -> 0 | IWU76: ='Assessment sheet (ES)'!IWW76 -> 0 | IWV76: ='Assessment sheet (ES)'!IWX76 -> 0 | IXC76: ='Assessment sheet (ES)'!IXE76 -> 0 | IXD76: ='Assessment sheet (ES)'!IXF76 -> 0 | IXK76: ='Assessment sheet (ES)'!IXM76 -> 0 | IXL76: ='Assessment sheet (ES)'!IXN76 -> 0 | IXS76: ='Assessment sheet (ES)'!IXU76 -> 0 | IXT76: ='Assessment sheet (ES)'!IXV76 -> 0 | IYA76: ='Assessment sheet (ES)'!IYC76 -> 0 | IYB76: ='Assessment sheet (ES)'!IYD76 -> 0 | IYI76: ='Assessment sheet (ES)'!IYK76 -> 0 | IYJ76: ='Assessment sheet (ES)'!IYL76 -> 0 | IYQ76: ='Assessment sheet (ES)'!IYS76 -> 0 | IYR76: ='Assessment sheet (ES)'!IYT76 -> 0 | IYY76: ='Assessment sheet (ES)'!IZA76 -> 0 | IYZ76: ='Assessment sheet (ES)'!IZB76 -> 0 | IZG76: ='Assessment sheet (ES)'!IZI76 -> 0 | IZH76: ='Assessment sheet (ES)'!IZJ76 -> 0 | IZO76: ='Assessment sheet (ES)'!IZQ76 -> 0 | IZP76: ='Assessment sheet (ES)'!IZR76 -> 0 | IZW76: ='Assessment sheet (ES)'!IZY76 -> 0 | IZX76: ='Assessment sheet (ES)'!IZZ76 -> 0 | JAE76: ='Assessment sheet (ES)'!JAG76 -> 0 | JAF76: ='Assessment sheet (ES)'!JAH76 -> 0 | JAM76: ='Assessment sheet (ES)'!JAO76 -> 0 | JAN76: ='Assessment sheet (ES)'!JAP76 -> 0 | JAU76: ='Assessment sheet (ES)'!JAW76 -> 0 | JAV76: ='Assessment sheet (ES)'!JAX76 -> 0 | JBC76: ='Assessment sheet (ES)'!JBE76 -> 0 | JBD76: ='Assessment sheet (ES)'!JBF76 -> 0 | JBK76: ='Assessment sheet (ES)'!JBM76 -> 0 | JBL76: ='Assessment sheet (ES)'!JBN76 -> 0 | JBS76: ='Assessment sheet (ES)'!JBU76 -> 0 | JBT76: ='Assessment sheet (ES)'!JBV76 -> 0 | JCA76: ='Assessment sheet (ES)'!JCC76 -> 0 | JCB76: ='Assessment sheet (ES)'!JCD76 -> 0 | JCI76: ='Assessment sheet (ES)'!JCK76 -> 0 | JCJ76: ='Assessment sheet (ES)'!JCL76 -> 0 | JCQ76: ='Assessment sheet (ES)'!JCS76 -> 0 | JCR76: ='Assessment sheet (ES)'!JCT76 -> 0 | JCY76: ='Assessment sheet (ES)'!JDA76 -> 0 | JCZ76: ='Assessment sheet (ES)'!JDB76 -> 0 | JDG76: ='Assessment sheet (ES)'!JDI76 -> 0 | JDH76: ='Assessment sheet (ES)'!JDJ76 -> 0 | JDO76: ='Assessment sheet (ES)'!JDQ76 -> 0 | JDP76: ='Assessment sheet (ES)'!JDR76 -> 0 | JDW76: ='Assessment sheet (ES)'!JDY76 -> 0 | JDX76: ='Assessment sheet (ES)'!JDZ76 -> 0 | JEE76: ='Assessment sheet (ES)'!JEG76 -> 0 | JEF76: ='Assessment sheet (ES)'!JEH76 -> 0 | JEM76: ='Assessment sheet (ES)'!JEO76 -> 0 | JEN76: ='Assessment sheet (ES)'!JEP76 -> 0 | JEU76: ='Assessment sheet (ES)'!JEW76 -> 0 | JEV76: ='Assessment sheet (ES)'!JEX76 -> 0 | JFC76: ='Assessment sheet (ES)'!JFE76 -> 0 | JFD76: ='Assessment sheet (ES)'!JFF76 -> 0 | JFK76: ='Assessment sheet (ES)'!JFM76 -> 0 | JFL76: ='Assessment sheet (ES)'!JFN76 -> 0 | JFS76: ='Assessment sheet (ES)'!JFU76 -> 0 | JFT76: ='Assessment sheet (ES)'!JFV76 -> 0 | JGA76: ='Assessment sheet (ES)'!JGC76 -> 0 | JGB76: ='Assessment sheet (ES)'!JGD76 -> 0 | JGI76: ='Assessment sheet (ES)'!JGK76 -> 0 | JGJ76: ='Assessment sheet (ES)'!JGL76 -> 0 | JGQ76: ='Assessment sheet (ES)'!JGS76 -> 0 | JGR76: ='Assessment sheet (ES)'!JGT76 -> 0 | JGY76: ='Assessment sheet (ES)'!JHA76 -> 0 | JGZ76: ='Assessment sheet (ES)'!JHB76 -> 0 | JHG76: ='Assessment sheet (ES)'!JHI76 -> 0 | JHH76: ='Assessment sheet (ES)'!JHJ76 -> 0 | JHO76: ='Assessment sheet (ES)'!JHQ76 -> 0 | JHP76: ='Assessment sheet (ES)'!JHR76 -> 0 | JHW76: ='Assessment sheet (ES)'!JHY76 -> 0 | JHX76: ='Assessment sheet (ES)'!JHZ76 -> 0 | JIE76: ='Assessment sheet (ES)'!JIG76 -> 0 | JIF76: ='Assessment sheet (ES)'!JIH76 -> 0 | JIM76: ='Assessment sheet (ES)'!JIO76 -> 0 | JIN76: ='Assessment sheet (ES)'!JIP76 -> 0 | JIU76: ='Assessment sheet (ES)'!JIW76 -> 0 | JIV76: ='Assessment sheet (ES)'!JIX76 -> 0 | JJC76: ='Assessment sheet (ES)'!JJE76 -> 0 | JJD76: ='Assessment sheet (ES)'!JJF76 -> 0 | JJK76: ='Assessment sheet (ES)'!JJM76 -> 0 | JJL76: ='Assessment sheet (ES)'!JJN76 -> 0 | JJS76: ='Assessment sheet (ES)'!JJU76 -> 0 | JJT76: ='Assessment sheet (ES)'!JJV76 -> 0 | JKA76: ='Assessment sheet (ES)'!JKC76 -> 0 | JKB76: ='Assessment sheet (ES)'!JKD76 -> 0 | JKI76: ='Assessment sheet (ES)'!JKK76 -> 0 | JKJ76: ='Assessment sheet (ES)'!JKL76 -> 0 | JKQ76: ='Assessment sheet (ES)'!JKS76 -> 0 | JKR76: ='Assessment sheet (ES)'!JKT76 -> 0 | JKY76: ='Assessment sheet (ES)'!JLA76 -> 0 | JKZ76: ='Assessment sheet (ES)'!JLB76 -> 0 | JLG76: ='Assessment sheet (ES)'!JLI76 -> 0 | JLH76: ='Assessment sheet (ES)'!JLJ76 -> 0 | JLO76: ='Assessment sheet (ES)'!JLQ76 -> 0 | JLP76: ='Assessment sheet (ES)'!JLR76 -> 0 | JLW76: ='Assessment sheet (ES)'!JLY76 -> 0 | JLX76: ='Assessment sheet (ES)'!JLZ76 -> 0 | JME76: ='Assessment sheet (ES)'!JMG76 -> 0 | JMF76: ='Assessment sheet (ES)'!JMH76 -> 0 | JMM76: ='Assessment sheet (ES)'!JMO76 -> 0 | JMN76: ='Assessment sheet (ES)'!JMP76 -> 0 | JMU76: ='Assessment sheet (ES)'!JMW76 -> 0 | JMV76: ='Assessment sheet (ES)'!JMX76 -> 0 | JNC76: ='Assessment sheet (ES)'!JNE76 -> 0 | JND76: ='Assessment sheet (ES)'!JNF76 -> 0 | JNK76: ='Assessment sheet (ES)'!JNM76 -> 0 | JNL76: ='Assessment sheet (ES)'!JNN76 -> 0 | JNS76: ='Assessment sheet (ES)'!JNU76 -> 0 | JNT76: ='Assessment sheet (ES)'!JNV76 -> 0 | JOA76: ='Assessment sheet (ES)'!JOC76 -> 0 | JOB76: ='Assessment sheet (ES)'!JOD76 -> 0 | JOI76: ='Assessment sheet (ES)'!JOK76 -> 0 | JOJ76: ='Assessment sheet (ES)'!JOL76 -> 0 | JOQ76: ='Assessment sheet (ES)'!JOS76 -> 0 | JOR76: ='Assessment sheet (ES)'!JOT76 -> 0 | JOY76: ='Assessment sheet (ES)'!JPA76 -> 0 | JOZ76: ='Assessment sheet (ES)'!JPB76 -> 0 | JPG76: ='Assessment sheet (ES)'!JPI76 -> 0 | JPH76: ='Assessment sheet (ES)'!JPJ76 -> 0 | JPO76: ='Assessment sheet (ES)'!JPQ76 -> 0 | JPP76: ='Assessment sheet (ES)'!JPR76 -> 0 | JPW76: ='Assessment sheet (ES)'!JPY76 -> 0 | JPX76: ='Assessment sheet (ES)'!JPZ76 -> 0 | JQE76: ='Assessment sheet (ES)'!JQG76 -> 0 | JQF76: ='Assessment sheet (ES)'!JQH76 -> 0 | JQM76: ='Assessment sheet (ES)'!JQO76 -> 0 | JQN76: ='Assessment sheet (ES)'!JQP76 -> 0 | JQU76: ='Assessment sheet (ES)'!JQW76 -> 0 | JQV76: ='Assessment sheet (ES)'!JQX76 -> 0 | JRC76: ='Assessment sheet (ES)'!JRE76 -> 0 | JRD76: ='Assessment sheet (ES)'!JRF76 -> 0 | JRK76: ='Assessment sheet (ES)'!JRM76 -> 0 | JRL76: ='Assessment sheet (ES)'!JRN76 -> 0 | JRS76: ='Assessment sheet (ES)'!JRU76 -> 0 | JRT76: ='Assessment sheet (ES)'!JRV76 -> 0 | JSA76: ='Assessment sheet (ES)'!JSC76 -> 0 | JSB76: ='Assessment sheet (ES)'!JSD76 -> 0 | JSI76: ='Assessment sheet (ES)'!JSK76 -> 0 | JSJ76: ='Assessment sheet (ES)'!JSL76 -> 0 | JSQ76: ='Assessment sheet (ES)'!JSS76 -> 0 | JSR76: ='Assessment sheet (ES)'!JST76 -> 0 | JSY76: ='Assessment sheet (ES)'!JTA76 -> 0 | JSZ76: ='Assessment sheet (ES)'!JTB76 -> 0 | JTG76: ='Assessment sheet (ES)'!JTI76 -> 0 | JTH76: ='Assessment sheet (ES)'!JTJ76 -> 0 | JTO76: ='Assessment sheet (ES)'!JTQ76 -> 0 | JTP76: ='Assessment sheet (ES)'!JTR76 -> 0 | JTW76: ='Assessment sheet (ES)'!JTY76 -> 0 | JTX76: ='Assessment sheet (ES)'!JTZ76 -> 0 | JUE76: ='Assessment sheet (ES)'!JUG76 -> 0 | JUF76: ='Assessment sheet (ES)'!JUH76 -> 0 | JUM76: ='Assessment sheet (ES)'!JUO76 -> 0 | JUN76: ='Assessment sheet (ES)'!JUP76 -> 0 | JUU76: ='Assessment sheet (ES)'!JUW76 -> 0 | JUV76: ='Assessment sheet (ES)'!JUX76 -> 0 | JVC76: ='Assessment sheet (ES)'!JVE76 -> 0 | JVD76: ='Assessment sheet (ES)'!JVF76 -> 0 | JVK76: ='Assessment sheet (ES)'!JVM76 -> 0 | JVL76: ='Assessment sheet (ES)'!JVN76 -> 0 | JVS76: ='Assessment sheet (ES)'!JVU76 -> 0 | JVT76: ='Assessment sheet (ES)'!JVV76 -> 0 | JWA76: ='Assessment sheet (ES)'!JWC76 -> 0 | JWB76: ='Assessment sheet (ES)'!JWD76 -> 0 | JWI76: ='Assessment sheet (ES)'!JWK76 -> 0 | JWJ76: ='Assessment sheet (ES)'!JWL76 -> 0 | JWQ76: ='Assessment sheet (ES)'!JWS76 -> 0 | JWR76: ='Assessment sheet (ES)'!JWT76 -> 0 | JWY76: ='Assessment sheet (ES)'!JXA76 -> 0 | JWZ76: ='Assessment sheet (ES)'!JXB76 -> 0 | JXG76: ='Assessment sheet (ES)'!JXI76 -> 0 | JXH76: ='Assessment sheet (ES)'!JXJ76 -> 0 | JXO76: ='Assessment sheet (ES)'!JXQ76 -> 0 | JXP76: ='Assessment sheet (ES)'!JXR76 -> 0 | JXW76: ='Assessment sheet (ES)'!JXY76 -> 0 | JXX76: ='Assessment sheet (ES)'!JXZ76 -> 0 | JYE76: ='Assessment sheet (ES)'!JYG76 -> 0 | JYF76: ='Assessment sheet (ES)'!JYH76 -> 0 | JYM76: ='Assessment sheet (ES)'!JYO76 -> 0 | JYN76: ='Assessment sheet (ES)'!JYP76 -> 0 | JYU76: ='Assessment sheet (ES)'!JYW76 -> 0 | JYV76: ='Assessment sheet (ES)'!JYX76 -> 0 | JZC76: ='Assessment sheet (ES)'!JZE76 -> 0 | JZD76: ='Assessment sheet (ES)'!JZF76 -> 0 | JZK76: ='Assessment sheet (ES)'!JZM76 -> 0 | JZL76: ='Assessment sheet (ES)'!JZN76 -> 0 | JZS76: ='Assessment sheet (ES)'!JZU76 -> 0 | JZT76: ='Assessment sheet (ES)'!JZV76 -> 0 | KAA76: ='Assessment sheet (ES)'!KAC76 -> 0 | KAB76: ='Assessment sheet (ES)'!KAD76 -> 0 | KAI76: ='Assessment sheet (ES)'!KAK76 -> 0 | KAJ76: ='Assessment sheet (ES)'!KAL76 -> 0 | KAQ76: ='Assessment sheet (ES)'!KAS76 -> 0 | KAR76: ='Assessment sheet (ES)'!KAT76 -> 0 | KAY76: ='Assessment sheet (ES)'!KBA76 -> 0 | KAZ76: ='Assessment sheet (ES)'!KBB76 -> 0 | KBG76: ='Assessment sheet (ES)'!KBI76 -> 0 | KBH76: ='Assessment sheet (ES)'!KBJ76 -> 0 | KBO76: ='Assessment sheet (ES)'!KBQ76 -> 0 | KBP76: ='Assessment sheet (ES)'!KBR76 -> 0 | KBW76: ='Assessment sheet (ES)'!KBY76 -> 0 | KBX76: ='Assessment sheet (ES)'!KBZ76 -> 0 | KCE76: ='Assessment sheet (ES)'!KCG76 -> 0 | KCF76: ='Assessment sheet (ES)'!KCH76 -> 0 | KCM76: ='Assessment sheet (ES)'!KCO76 -> 0 | KCN76: ='Assessment sheet (ES)'!KCP76 -> 0 | KCU76: ='Assessment sheet (ES)'!KCW76 -> 0 | KCV76: ='Assessment sheet (ES)'!KCX76 -> 0 | KDC76: ='Assessment sheet (ES)'!KDE76 -> 0 | KDD76: ='Assessment sheet (ES)'!KDF76 -> 0 | KDK76: ='Assessment sheet (ES)'!KDM76 -> 0 | KDL76: ='Assessment sheet (ES)'!KDN76 -> 0 | KDS76: ='Assessment sheet (ES)'!KDU76 -> 0 | KDT76: ='Assessment sheet (ES)'!KDV76 -> 0 | KEA76: ='Assessment sheet (ES)'!KEC76 -> 0 | KEB76: ='Assessment sheet (ES)'!KED76 -> 0 | KEI76: ='Assessment sheet (ES)'!KEK76 -> 0 | KEJ76: ='Assessment sheet (ES)'!KEL76 -> 0 | KEQ76: ='Assessment sheet (ES)'!KES76 -> 0 | KER76: ='Assessment sheet (ES)'!KET76 -> 0 | KEY76: ='Assessment sheet (ES)'!KFA76 -> 0 | KEZ76: ='Assessment sheet (ES)'!KFB76 -> 0 | KFG76: ='Assessment sheet (ES)'!KFI76 -> 0 | KFH76: ='Assessment sheet (ES)'!KFJ76 -> 0 | KFO76: ='Assessment sheet (ES)'!KFQ76 -> 0 | KFP76: ='Assessment sheet (ES)'!KFR76 -> 0 | KFW76: ='Assessment sheet (ES)'!KFY76 -> 0 | KFX76: ='Assessment sheet (ES)'!KFZ76 -> 0 | KGE76: ='Assessment sheet (ES)'!KGG76 -> 0 | KGF76: ='Assessment sheet (ES)'!KGH76 -> 0 | KGM76: ='Assessment sheet (ES)'!KGO76 -> 0 | KGN76: ='Assessment sheet (ES)'!KGP76 -> 0 | KGU76: ='Assessment sheet (ES)'!KGW76 -> 0 | KGV76: ='Assessment sheet (ES)'!KGX76 -> 0 | KHC76: ='Assessment sheet (ES)'!KHE76 -> 0 | KHD76: ='Assessment sheet (ES)'!KHF76 -> 0 | KHK76: ='Assessment sheet (ES)'!KHM76 -> 0 | KHL76: ='Assessment sheet (ES)'!KHN76 -> 0 | KHS76: ='Assessment sheet (ES)'!KHU76 -> 0 | KHT76: ='Assessment sheet (ES)'!KHV76 -> 0 | KIA76: ='Assessment sheet (ES)'!KIC76 -> 0 | KIB76: ='Assessment sheet (ES)'!KID76 -> 0 | KII76: ='Assessment sheet (ES)'!KIK76 -> 0 | KIJ76: ='Assessment sheet (ES)'!KIL76 -> 0 | KIQ76: ='Assessment sheet (ES)'!KIS76 -> 0 | KIR76: ='Assessment sheet (ES)'!KIT76 -> 0 | KIY76: ='Assessment sheet (ES)'!KJA76 -> 0 | KIZ76: ='Assessment sheet (ES)'!KJB76 -> 0 | KJG76: ='Assessment sheet (ES)'!KJI76 -> 0 | KJH76: ='Assessment sheet (ES)'!KJJ76 -> 0 | KJO76: ='Assessment sheet (ES)'!KJQ76 -> 0 | KJP76: ='Assessment sheet (ES)'!KJR76 -> 0 | KJW76: ='Assessment sheet (ES)'!KJY76 -> 0 | KJX76: ='Assessment sheet (ES)'!KJZ76 -> 0 | KKE76: ='Assessment sheet (ES)'!KKG76 -> 0 | KKF76: ='Assessment sheet (ES)'!KKH76 -> 0 | KKM76: ='Assessment sheet (ES)'!KKO76 -> 0 | KKN76: ='Assessment sheet (ES)'!KKP76 -> 0 | KKU76: ='Assessment sheet (ES)'!KKW76 -> 0 | KKV76: ='Assessment sheet (ES)'!KKX76 -> 0 | KLC76: ='Assessment sheet (ES)'!KLE76 -> 0 | KLD76: ='Assessment sheet (ES)'!KLF76 -> 0 | KLK76: ='Assessment sheet (ES)'!KLM76 -> 0 | KLL76: ='Assessment sheet (ES)'!KLN76 -> 0 | KLS76: ='Assessment sheet (ES)'!KLU76 -> 0 | KLT76: ='Assessment sheet (ES)'!KLV76 -> 0 | KMA76: ='Assessment sheet (ES)'!KMC76 -> 0 | KMB76: ='Assessment sheet (ES)'!KMD76 -> 0 | KMI76: ='Assessment sheet (ES)'!KMK76 -> 0 | KMJ76: ='Assessment sheet (ES)'!KML76 -> 0 | KMQ76: ='Assessment sheet (ES)'!KMS76 -> 0 | KMR76: ='Assessment sheet (ES)'!KMT76 -> 0 | KMY76: ='Assessment sheet (ES)'!KNA76 -> 0 | KMZ76: ='Assessment sheet (ES)'!KNB76 -> 0 | KNG76: ='Assessment sheet (ES)'!KNI76 -> 0 | KNH76: ='Assessment sheet (ES)'!KNJ76 -> 0 | KNO76: ='Assessment sheet (ES)'!KNQ76 -> 0 | KNP76: ='Assessment sheet (ES)'!KNR76 -> 0 | KNW76: ='Assessment sheet (ES)'!KNY76 -> 0 | KNX76: ='Assessment sheet (ES)'!KNZ76 -> 0 | KOE76: ='Assessment sheet (ES)'!KOG76 -> 0 | KOF76: ='Assessment sheet (ES)'!KOH76 -> 0 | KOM76: ='Assessment sheet (ES)'!KOO76 -> 0 | KON76: ='Assessment sheet (ES)'!KOP76 -> 0 | KOU76: ='Assessment sheet (ES)'!KOW76 -> 0 | KOV76: ='Assessment sheet (ES)'!KOX76 -> 0 | KPC76: ='Assessment sheet (ES)'!KPE76 -> 0 | KPD76: ='Assessment sheet (ES)'!KPF76 -> 0 | KPK76: ='Assessment sheet (ES)'!KPM76 -> 0 | KPL76: ='Assessment sheet (ES)'!KPN76 -> 0 | KPS76: ='Assessment sheet (ES)'!KPU76 -> 0 | KPT76: ='Assessment sheet (ES)'!KPV76 -> 0 | KQA76: ='Assessment sheet (ES)'!KQC76 -> 0 | KQB76: ='Assessment sheet (ES)'!KQD76 -> 0 | KQI76: ='Assessment sheet (ES)'!KQK76 -> 0 | KQJ76: ='Assessment sheet (ES)'!KQL76 -> 0 | KQQ76: ='Assessment sheet (ES)'!KQS76 -> 0 | KQR76: ='Assessment sheet (ES)'!KQT76 -> 0 | KQY76: ='Assessment sheet (ES)'!KRA76 -> 0 | KQZ76: ='Assessment sheet (ES)'!KRB76 -> 0 | KRG76: ='Assessment sheet (ES)'!KRI76 -> 0 | KRH76: ='Assessment sheet (ES)'!KRJ76 -> 0 | KRO76: ='Assessment sheet (ES)'!KRQ76 -> 0 | KRP76: ='Assessment sheet (ES)'!KRR76 -> 0 | KRW76: ='Assessment sheet (ES)'!KRY76 -> 0 | KRX76: ='Assessment sheet (ES)'!KRZ76 -> 0 | KSE76: ='Assessment sheet (ES)'!KSG76 -> 0 | KSF76: ='Assessment sheet (ES)'!KSH76 -> 0 | KSM76: ='Assessment sheet (ES)'!KSO76 -> 0 | KSN76: ='Assessment sheet (ES)'!KSP76 -> 0 | KSU76: ='Assessment sheet (ES)'!KSW76 -> 0 | KSV76: ='Assessment sheet (ES)'!KSX76 -> 0 | KTC76: ='Assessment sheet (ES)'!KTE76 -> 0 | KTD76: ='Assessment sheet (ES)'!KTF76 -> 0 | KTK76: ='Assessment sheet (ES)'!KTM76 -> 0 | KTL76: ='Assessment sheet (ES)'!KTN76 -> 0 | KTS76: ='Assessment sheet (ES)'!KTU76 -> 0 | KTT76: ='Assessment sheet (ES)'!KTV76 -> 0 | KUA76: ='Assessment sheet (ES)'!KUC76 -> 0 | KUB76: ='Assessment sheet (ES)'!KUD76 -> 0 | KUI76: ='Assessment sheet (ES)'!KUK76 -> 0 | KUJ76: ='Assessment sheet (ES)'!KUL76 -> 0 | KUQ76: ='Assessment sheet (ES)'!KUS76 -> 0 | KUR76: ='Assessment sheet (ES)'!KUT76 -> 0 | KUY76: ='Assessment sheet (ES)'!KVA76 -> 0 | KUZ76: ='Assessment sheet (ES)'!KVB76 -> 0 | KVG76: ='Assessment sheet (ES)'!KVI76 -> 0 | KVH76: ='Assessment sheet (ES)'!KVJ76 -> 0 | KVO76: ='Assessment sheet (ES)'!KVQ76 -> 0 | KVP76: ='Assessment sheet (ES)'!KVR76 -> 0 | KVW76: ='Assessment sheet (ES)'!KVY76 -> 0 | KVX76: ='Assessment sheet (ES)'!KVZ76 -> 0 | KWE76: ='Assessment sheet (ES)'!KWG76 -> 0 | KWF76: ='Assessment sheet (ES)'!KWH76 -> 0 | KWM76: ='Assessment sheet (ES)'!KWO76 -> 0 | KWN76: ='Assessment sheet (ES)'!KWP76 -> 0 | KWU76: ='Assessment sheet (ES)'!KWW76 -> 0 | KWV76: ='Assessment sheet (ES)'!KWX76 -> 0 | KXC76: ='Assessment sheet (ES)'!KXE76 -> 0 | KXD76: ='Assessment sheet (ES)'!KXF76 -> 0 | KXK76: ='Assessment sheet (ES)'!KXM76 -> 0 | KXL76: ='Assessment sheet (ES)'!KXN76 -> 0 | KXS76: ='Assessment sheet (ES)'!KXU76 -> 0 | KXT76: ='Assessment sheet (ES)'!KXV76 -> 0 | KYA76: ='Assessment sheet (ES)'!KYC76 -> 0 | KYB76: ='Assessment sheet (ES)'!KYD76 -> 0 | KYI76: ='Assessment sheet (ES)'!KYK76 -> 0 | KYJ76: ='Assessment sheet (ES)'!KYL76 -> 0 | KYQ76: ='Assessment sheet (ES)'!KYS76 -> 0 | KYR76: ='Assessment sheet (ES)'!KYT76 -> 0 | KYY76: ='Assessment sheet (ES)'!KZA76 -> 0 | KYZ76: ='Assessment sheet (ES)'!KZB76 -> 0 | KZG76: ='Assessment sheet (ES)'!KZI76 -> 0 | KZH76: ='Assessment sheet (ES)'!KZJ76 -> 0 | KZO76: ='Assessment sheet (ES)'!KZQ76 -> 0 | KZP76: ='Assessment sheet (ES)'!KZR76 -> 0 | KZW76: ='Assessment sheet (ES)'!KZY76 -> 0 | KZX76: ='Assessment sheet (ES)'!KZZ76 -> 0 | LAE76: ='Assessment sheet (ES)'!LAG76 -> 0 | LAF76: ='Assessment sheet (ES)'!LAH76 -> 0 | LAM76: ='Assessment sheet (ES)'!LAO76 -> 0 | LAN76: ='Assessment sheet (ES)'!LAP76 -> 0 | LAU76: ='Assessment sheet (ES)'!LAW76 -> 0 | LAV76: ='Assessment sheet (ES)'!LAX76 -> 0 | LBC76: ='Assessment sheet (ES)'!LBE76 -> 0 | LBD76: ='Assessment sheet (ES)'!LBF76 -> 0 | LBK76: ='Assessment sheet (ES)'!LBM76 -> 0 | LBL76: ='Assessment sheet (ES)'!LBN76 -> 0 | LBS76: ='Assessment sheet (ES)'!LBU76 -> 0 | LBT76: ='Assessment sheet (ES)'!LBV76 -> 0 | LCA76: ='Assessment sheet (ES)'!LCC76 -> 0 | LCB76: ='Assessment sheet (ES)'!LCD76 -> 0 | LCI76: ='Assessment sheet (ES)'!LCK76 -> 0 | LCJ76: ='Assessment sheet (ES)'!LCL76 -> 0 | LCQ76: ='Assessment sheet (ES)'!LCS76 -> 0 | LCR76: ='Assessment sheet (ES)'!LCT76 -> 0 | LCY76: ='Assessment sheet (ES)'!LDA76 -> 0 | LCZ76: ='Assessment sheet (ES)'!LDB76 -> 0 | LDG76: ='Assessment sheet (ES)'!LDI76 -> 0 | LDH76: ='Assessment sheet (ES)'!LDJ76 -> 0 | LDO76: ='Assessment sheet (ES)'!LDQ76 -> 0 | LDP76: ='Assessment sheet (ES)'!LDR76 -> 0 | LDW76: ='Assessment sheet (ES)'!LDY76 -> 0 | LDX76: ='Assessment sheet (ES)'!LDZ76 -> 0 | LEE76: ='Assessment sheet (ES)'!LEG76 -> 0 | LEF76: ='Assessment sheet (ES)'!LEH76 -> 0 | LEM76: ='Assessment sheet (ES)'!LEO76 -> 0 | LEN76: ='Assessment sheet (ES)'!LEP76 -> 0 | LEU76: ='Assessment sheet (ES)'!LEW76 -> 0 | LEV76: ='Assessment sheet (ES)'!LEX76 -> 0 | LFC76: ='Assessment sheet (ES)'!LFE76 -> 0 | LFD76: ='Assessment sheet (ES)'!LFF76 -> 0 | LFK76: ='Assessment sheet (ES)'!LFM76 -> 0 | LFL76: ='Assessment sheet (ES)'!LFN76 -> 0 | LFS76: ='Assessment sheet (ES)'!LFU76 -> 0 | LFT76: ='Assessment sheet (ES)'!LFV76 -> 0 | LGA76: ='Assessment sheet (ES)'!LGC76 -> 0 | LGB76: ='Assessment sheet (ES)'!LGD76 -> 0 | LGI76: ='Assessment sheet (ES)'!LGK76 -> 0 | LGJ76: ='Assessment sheet (ES)'!LGL76 -> 0 | LGQ76: ='Assessment sheet (ES)'!LGS76 -> 0 | LGR76: ='Assessment sheet (ES)'!LGT76 -> 0 | LGY76: ='Assessment sheet (ES)'!LHA76 -> 0 | LGZ76: ='Assessment sheet (ES)'!LHB76 -> 0 | LHG76: ='Assessment sheet (ES)'!LHI76 -> 0 | LHH76: ='Assessment sheet (ES)'!LHJ76 -> 0 | LHO76: ='Assessment sheet (ES)'!LHQ76 -> 0 | LHP76: ='Assessment sheet (ES)'!LHR76 -> 0 | LHW76: ='Assessment sheet (ES)'!LHY76 -> 0 | LHX76: ='Assessment sheet (ES)'!LHZ76 -> 0 | LIE76: ='Assessment sheet (ES)'!LIG76 -> 0 | LIF76: ='Assessment sheet (ES)'!LIH76 -> 0 | LIM76: ='Assessment sheet (ES)'!LIO76 -> 0 | LIN76: ='Assessment sheet (ES)'!LIP76 -> 0 | LIU76: ='Assessment sheet (ES)'!LIW76 -> 0 | LIV76: ='Assessment sheet (ES)'!LIX76 -> 0 | LJC76: ='Assessment sheet (ES)'!LJE76 -> 0 | LJD76: ='Assessment sheet (ES)'!LJF76 -> 0 | LJK76: ='Assessment sheet (ES)'!LJM76 -> 0 | LJL76: ='Assessment sheet (ES)'!LJN76 -> 0 | LJS76: ='Assessment sheet (ES)'!LJU76 -> 0 | LJT76: ='Assessment sheet (ES)'!LJV76 -> 0 | LKA76: ='Assessment sheet (ES)'!LKC76 -> 0 | LKB76: ='Assessment sheet (ES)'!LKD76 -> 0 | LKI76: ='Assessment sheet (ES)'!LKK76 -> 0 | LKJ76: ='Assessment sheet (ES)'!LKL76 -> 0 | LKQ76: ='Assessment sheet (ES)'!LKS76 -> 0 | LKR76: ='Assessment sheet (ES)'!LKT76 -> 0 | LKY76: ='Assessment sheet (ES)'!LLA76 -> 0 | LKZ76: ='Assessment sheet (ES)'!LLB76 -> 0 | LLG76: ='Assessment sheet (ES)'!LLI76 -> 0 | LLH76: ='Assessment sheet (ES)'!LLJ76 -> 0 | LLO76: ='Assessment sheet (ES)'!LLQ76 -> 0 | LLP76: ='Assessment sheet (ES)'!LLR76 -> 0 | LLW76: ='Assessment sheet (ES)'!LLY76 -> 0 | LLX76: ='Assessment sheet (ES)'!LLZ76 -> 0 | LME76: ='Assessment sheet (ES)'!LMG76 -> 0 | LMF76: ='Assessment sheet (ES)'!LMH76 -> 0 | LMM76: ='Assessment sheet (ES)'!LMO76 -> 0 | LMN76: ='Assessment sheet (ES)'!LMP76 -> 0 | LMU76: ='Assessment sheet (ES)'!LMW76 -> 0 | LMV76: ='Assessment sheet (ES)'!LMX76 -> 0 | LNC76: ='Assessment sheet (ES)'!LNE76 -> 0 | LND76: ='Assessment sheet (ES)'!LNF76 -> 0 | LNK76: ='Assessment sheet (ES)'!LNM76 -> 0 | LNL76: ='Assessment sheet (ES)'!LNN76 -> 0 | LNS76: ='Assessment sheet (ES)'!LNU76 -> 0 | LNT76: ='Assessment sheet (ES)'!LNV76 -> 0 | LOA76: ='Assessment sheet (ES)'!LOC76 -> 0 | LOB76: ='Assessment sheet (ES)'!LOD76 -> 0 | LOI76: ='Assessment sheet (ES)'!LOK76 -> 0 | LOJ76: ='Assessment sheet (ES)'!LOL76 -> 0 | LOQ76: ='Assessment sheet (ES)'!LOS76 -> 0 | LOR76: ='Assessment sheet (ES)'!LOT76 -> 0 | LOY76: ='Assessment sheet (ES)'!LPA76 -> 0 | LOZ76: ='Assessment sheet (ES)'!LPB76 -> 0 | LPG76: ='Assessment sheet (ES)'!LPI76 -> 0 | LPH76: ='Assessment sheet (ES)'!LPJ76 -> 0 | LPO76: ='Assessment sheet (ES)'!LPQ76 -> 0 | LPP76: ='Assessment sheet (ES)'!LPR76 -> 0 | LPW76: ='Assessment sheet (ES)'!LPY76 -> 0 | LPX76: ='Assessment sheet (ES)'!LPZ76 -> 0 | LQE76: ='Assessment sheet (ES)'!LQG76 -> 0 | LQF76: ='Assessment sheet (ES)'!LQH76 -> 0 | LQM76: ='Assessment sheet (ES)'!LQO76 -> 0 | LQN76: ='Assessment sheet (ES)'!LQP76 -> 0 | LQU76: ='Assessment sheet (ES)'!LQW76 -> 0 | LQV76: ='Assessment sheet (ES)'!LQX76 -> 0 | LRC76: ='Assessment sheet (ES)'!LRE76 -> 0 | LRD76: ='Assessment sheet (ES)'!LRF76 -> 0 | LRK76: ='Assessment sheet (ES)'!LRM76 -> 0 | LRL76: ='Assessment sheet (ES)'!LRN76 -> 0 | LRS76: ='Assessment sheet (ES)'!LRU76 -> 0 | LRT76: ='Assessment sheet (ES)'!LRV76 -> 0 | LSA76: ='Assessment sheet (ES)'!LSC76 -> 0 | LSB76: ='Assessment sheet (ES)'!LSD76 -> 0 | LSI76: ='Assessment sheet (ES)'!LSK76 -> 0 | LSJ76: ='Assessment sheet (ES)'!LSL76 -> 0 | LSQ76: ='Assessment sheet (ES)'!LSS76 -> 0 | LSR76: ='Assessment sheet (ES)'!LST76 -> 0 | LSY76: ='Assessment sheet (ES)'!LTA76 -> 0 | LSZ76: ='Assessment sheet (ES)'!LTB76 -> 0 | LTG76: ='Assessment sheet (ES)'!LTI76 -> 0 | LTH76: ='Assessment sheet (ES)'!LTJ76 -> 0 | LTO76: ='Assessment sheet (ES)'!LTQ76 -> 0 | LTP76: ='Assessment sheet (ES)'!LTR76 -> 0 | LTW76: ='Assessment sheet (ES)'!LTY76 -> 0 | LTX76: ='Assessment sheet (ES)'!LTZ76 -> 0 | LUE76: ='Assessment sheet (ES)'!LUG76 -> 0 | LUF76: ='Assessment sheet (ES)'!LUH76 -> 0 | LUM76: ='Assessment sheet (ES)'!LUO76 -> 0 | LUN76: ='Assessment sheet (ES)'!LUP76 -> 0 | LUU76: ='Assessment sheet (ES)'!LUW76 -> 0 | LUV76: ='Assessment sheet (ES)'!LUX76 -> 0 | LVC76: ='Assessment sheet (ES)'!LVE76 -> 0 | LVD76: ='Assessment sheet (ES)'!LVF76 -> 0 | LVK76: ='Assessment sheet (ES)'!LVM76 -> 0 | LVL76: ='Assessment sheet (ES)'!LVN76 -> 0 | LVS76: ='Assessment sheet (ES)'!LVU76 -> 0 | LVT76: ='Assessment sheet (ES)'!LVV76 -> 0 | LWA76: ='Assessment sheet (ES)'!LWC76 -> 0 | LWB76: ='Assessment sheet (ES)'!LWD76 -> 0 | LWI76: ='Assessment sheet (ES)'!LWK76 -> 0 | LWJ76: ='Assessment sheet (ES)'!LWL76 -> 0 | LWQ76: ='Assessment sheet (ES)'!LWS76 -> 0 | LWR76: ='Assessment sheet (ES)'!LWT76 -> 0 | LWY76: ='Assessment sheet (ES)'!LXA76 -> 0 | LWZ76: ='Assessment sheet (ES)'!LXB76 -> 0 | LXG76: ='Assessment sheet (ES)'!LXI76 -> 0 | LXH76: ='Assessment sheet (ES)'!LXJ76 -> 0 | LXO76: ='Assessment sheet (ES)'!LXQ76 -> 0 | LXP76: ='Assessment sheet (ES)'!LXR76 -> 0 | LXW76: ='Assessment sheet (ES)'!LXY76 -> 0 | LXX76: ='Assessment sheet (ES)'!LXZ76 -> 0 | LYE76: ='Assessment sheet (ES)'!LYG76 -> 0 | LYF76: ='Assessment sheet (ES)'!LYH76 -> 0 | LYM76: ='Assessment sheet (ES)'!LYO76 -> 0 | LYN76: ='Assessment sheet (ES)'!LYP76 -> 0 | LYU76: ='Assessment sheet (ES)'!LYW76 -> 0 | LYV76: ='Assessment sheet (ES)'!LYX76 -> 0 | LZC76: ='Assessment sheet (ES)'!LZE76 -> 0 | LZD76: ='Assessment sheet (ES)'!LZF76 -> 0 | LZK76: ='Assessment sheet (ES)'!LZM76 -> 0 | LZL76: ='Assessment sheet (ES)'!LZN76 -> 0 | LZS76: ='Assessment sheet (ES)'!LZU76 -> 0 | LZT76: ='Assessment sheet (ES)'!LZV76 -> 0 | MAA76: ='Assessment sheet (ES)'!MAC76 -> 0 | MAB76: ='Assessment sheet (ES)'!MAD76 -> 0 | MAI76: ='Assessment sheet (ES)'!MAK76 -> 0 | MAJ76: ='Assessment sheet (ES)'!MAL76 -> 0 | MAQ76: ='Assessment sheet (ES)'!MAS76 -> 0 | MAR76: ='Assessment sheet (ES)'!MAT76 -> 0 | MAY76: ='Assessment sheet (ES)'!MBA76 -> 0 | MAZ76: ='Assessment sheet (ES)'!MBB76 -> 0 | MBG76: ='Assessment sheet (ES)'!MBI76 -> 0 | MBH76: ='Assessment sheet (ES)'!MBJ76 -> 0 | MBO76: ='Assessment sheet (ES)'!MBQ76 -> 0 | MBP76: ='Assessment sheet (ES)'!MBR76 -> 0 | MBW76: ='Assessment sheet (ES)'!MBY76 -> 0 | MBX76: ='Assessment sheet (ES)'!MBZ76 -> 0 | MCE76: ='Assessment sheet (ES)'!MCG76 -> 0 | MCF76: ='Assessment sheet (ES)'!MCH76 -> 0 | MCM76: ='Assessment sheet (ES)'!MCO76 -> 0 | MCN76: ='Assessment sheet (ES)'!MCP76 -> 0 | MCU76: ='Assessment sheet (ES)'!MCW76 -> 0 | MCV76: ='Assessment sheet (ES)'!MCX76 -> 0 | MDC76: ='Assessment sheet (ES)'!MDE76 -> 0 | MDD76: ='Assessment sheet (ES)'!MDF76 -> 0 | MDK76: ='Assessment sheet (ES)'!MDM76 -> 0 | MDL76: ='Assessment sheet (ES)'!MDN76 -> 0 | MDS76: ='Assessment sheet (ES)'!MDU76 -> 0 | MDT76: ='Assessment sheet (ES)'!MDV76 -> 0 | MEA76: ='Assessment sheet (ES)'!MEC76 -> 0 | MEB76: ='Assessment sheet (ES)'!MED76 -> 0 | MEI76: ='Assessment sheet (ES)'!MEK76 -> 0 | MEJ76: ='Assessment sheet (ES)'!MEL76 -> 0 | MEQ76: ='Assessment sheet (ES)'!MES76 -> 0 | MER76: ='Assessment sheet (ES)'!MET76 -> 0 | MEY76: ='Assessment sheet (ES)'!MFA76 -> 0 | MEZ76: ='Assessment sheet (ES)'!MFB76 -> 0 | MFG76: ='Assessment sheet (ES)'!MFI76 -> 0 | MFH76: ='Assessment sheet (ES)'!MFJ76 -> 0 | MFO76: ='Assessment sheet (ES)'!MFQ76 -> 0 | MFP76: ='Assessment sheet (ES)'!MFR76 -> 0 | MFW76: ='Assessment sheet (ES)'!MFY76 -> 0 | MFX76: ='Assessment sheet (ES)'!MFZ76 -> 0 | MGE76: ='Assessment sheet (ES)'!MGG76 -> 0 | MGF76: ='Assessment sheet (ES)'!MGH76 -> 0 | MGM76: ='Assessment sheet (ES)'!MGO76 -> 0 | MGN76: ='Assessment sheet (ES)'!MGP76 -> 0 | MGU76: ='Assessment sheet (ES)'!MGW76 -> 0 | MGV76: ='Assessment sheet (ES)'!MGX76 -> 0 | MHC76: ='Assessment sheet (ES)'!MHE76 -> 0 | MHD76: ='Assessment sheet (ES)'!MHF76 -> 0 | MHK76: ='Assessment sheet (ES)'!MHM76 -> 0 | MHL76: ='Assessment sheet (ES)'!MHN76 -> 0 | MHS76: ='Assessment sheet (ES)'!MHU76 -> 0 | MHT76: ='Assessment sheet (ES)'!MHV76 -> 0 | MIA76: ='Assessment sheet (ES)'!MIC76 -> 0 | MIB76: ='Assessment sheet (ES)'!MID76 -> 0 | MII76: ='Assessment sheet (ES)'!MIK76 -> 0 | MIJ76: ='Assessment sheet (ES)'!MIL76 -> 0 | MIQ76: ='Assessment sheet (ES)'!MIS76 -> 0 | MIR76: ='Assessment sheet (ES)'!MIT76 -> 0 | MIY76: ='Assessment sheet (ES)'!MJA76 -> 0 | MIZ76: ='Assessment sheet (ES)'!MJB76 -> 0 | MJG76: ='Assessment sheet (ES)'!MJI76 -> 0 | MJH76: ='Assessment sheet (ES)'!MJJ76 -> 0 | MJO76: ='Assessment sheet (ES)'!MJQ76 -> 0 | MJP76: ='Assessment sheet (ES)'!MJR76 -> 0 | MJW76: ='Assessment sheet (ES)'!MJY76 -> 0 | MJX76: ='Assessment sheet (ES)'!MJZ76 -> 0 | MKE76: ='Assessment sheet (ES)'!MKG76 -> 0 | MKF76: ='Assessment sheet (ES)'!MKH76 -> 0 | MKM76: ='Assessment sheet (ES)'!MKO76 -> 0 | MKN76: ='Assessment sheet (ES)'!MKP76 -> 0 | MKU76: ='Assessment sheet (ES)'!MKW76 -> 0 | MKV76: ='Assessment sheet (ES)'!MKX76 -> 0 | MLC76: ='Assessment sheet (ES)'!MLE76 -> 0 | MLD76: ='Assessment sheet (ES)'!MLF76 -> 0 | MLK76: ='Assessment sheet (ES)'!MLM76 -> 0 | MLL76: ='Assessment sheet (ES)'!MLN76 -> 0 | MLS76: ='Assessment sheet (ES)'!MLU76 -> 0 | MLT76: ='Assessment sheet (ES)'!MLV76 -> 0 | MMA76: ='Assessment sheet (ES)'!MMC76 -> 0 | MMB76: ='Assessment sheet (ES)'!MMD76 -> 0 | MMI76: ='Assessment sheet (ES)'!MMK76 -> 0 | MMJ76: ='Assessment sheet (ES)'!MML76 -> 0 | MMQ76: ='Assessment sheet (ES)'!MMS76 -> 0 | MMR76: ='Assessment sheet (ES)'!MMT76 -> 0 | MMY76: ='Assessment sheet (ES)'!MNA76 -> 0 | MMZ76: ='Assessment sheet (ES)'!MNB76 -> 0 | MNG76: ='Assessment sheet (ES)'!MNI76 -> 0 | MNH76: ='Assessment sheet (ES)'!MNJ76 -> 0 | MNO76: ='Assessment sheet (ES)'!MNQ76 -> 0 | MNP76: ='Assessment sheet (ES)'!MNR76 -> 0 | MNW76: ='Assessment sheet (ES)'!MNY76 -> 0 | MNX76: ='Assessment sheet (ES)'!MNZ76 -> 0 | MOE76: ='Assessment sheet (ES)'!MOG76 -> 0 | MOF76: ='Assessment sheet (ES)'!MOH76 -> 0 | MOM76: ='Assessment sheet (ES)'!MOO76 -> 0 | MON76: ='Assessment sheet (ES)'!MOP76 -> 0 | MOU76: ='Assessment sheet (ES)'!MOW76 -> 0 | MOV76: ='Assessment sheet (ES)'!MOX76 -> 0 | MPC76: ='Assessment sheet (ES)'!MPE76 -> 0 | MPD76: ='Assessment sheet (ES)'!MPF76 -> 0 | MPK76: ='Assessment sheet (ES)'!MPM76 -> 0 | MPL76: ='Assessment sheet (ES)'!MPN76 -> 0 | MPS76: ='Assessment sheet (ES)'!MPU76 -> 0 | MPT76: ='Assessment sheet (ES)'!MPV76 -> 0 | MQA76: ='Assessment sheet (ES)'!MQC76 -> 0 | MQB76: ='Assessment sheet (ES)'!MQD76 -> 0 | MQI76: ='Assessment sheet (ES)'!MQK76 -> 0 | MQJ76: ='Assessment sheet (ES)'!MQL76 -> 0 | MQQ76: ='Assessment sheet (ES)'!MQS76 -> 0 | MQR76: ='Assessment sheet (ES)'!MQT76 -> 0 | MQY76: ='Assessment sheet (ES)'!MRA76 -> 0 | MQZ76: ='Assessment sheet (ES)'!MRB76 -> 0 | MRG76: ='Assessment sheet (ES)'!MRI76 -> 0 | MRH76: ='Assessment sheet (ES)'!MRJ76 -> 0 | MRO76: ='Assessment sheet (ES)'!MRQ76 -> 0 | MRP76: ='Assessment sheet (ES)'!MRR76 -> 0 | MRW76: ='Assessment sheet (ES)'!MRY76 -> 0 | MRX76: ='Assessment sheet (ES)'!MRZ76 -> 0 | MSE76: ='Assessment sheet (ES)'!MSG76 -> 0 | MSF76: ='Assessment sheet (ES)'!MSH76 -> 0 | MSM76: ='Assessment sheet (ES)'!MSO76 -> 0 | MSN76: ='Assessment sheet (ES)'!MSP76 -> 0 | MSU76: ='Assessment sheet (ES)'!MSW76 -> 0 | MSV76: ='Assessment sheet (ES)'!MSX76 -> 0 | MTC76: ='Assessment sheet (ES)'!MTE76 -> 0 | MTD76: ='Assessment sheet (ES)'!MTF76 -> 0 | MTK76: ='Assessment sheet (ES)'!MTM76 -> 0 | MTL76: ='Assessment sheet (ES)'!MTN76 -> 0 | MTS76: ='Assessment sheet (ES)'!MTU76 -> 0 | MTT76: ='Assessment sheet (ES)'!MTV76 -> 0 | MUA76: ='Assessment sheet (ES)'!MUC76 -> 0 | MUB76: ='Assessment sheet (ES)'!MUD76 -> 0 | MUI76: ='Assessment sheet (ES)'!MUK76 -> 0 | MUJ76: ='Assessment sheet (ES)'!MUL76 -> 0 | MUQ76: ='Assessment sheet (ES)'!MUS76 -> 0 | MUR76: ='Assessment sheet (ES)'!MUT76 -> 0 | MUY76: ='Assessment sheet (ES)'!MVA76 -> 0 | MUZ76: ='Assessment sheet (ES)'!MVB76 -> 0 | MVG76: ='Assessment sheet (ES)'!MVI76 -> 0 | MVH76: ='Assessment sheet (ES)'!MVJ76 -> 0 | MVO76: ='Assessment sheet (ES)'!MVQ76 -> 0 | MVP76: ='Assessment sheet (ES)'!MVR76 -> 0 | MVW76: ='Assessment sheet (ES)'!MVY76 -> 0 | MVX76: ='Assessment sheet (ES)'!MVZ76 -> 0 | MWE76: ='Assessment sheet (ES)'!MWG76 -> 0 | MWF76: ='Assessment sheet (ES)'!MWH76 -> 0 | MWM76: ='Assessment sheet (ES)'!MWO76 -> 0 | MWN76: ='Assessment sheet (ES)'!MWP76 -> 0 | MWU76: ='Assessment sheet (ES)'!MWW76 -> 0 | MWV76: ='Assessment sheet (ES)'!MWX76 -> 0 | MXC76: ='Assessment sheet (ES)'!MXE76 -> 0 | MXD76: ='Assessment sheet (ES)'!MXF76 -> 0 | MXK76: ='Assessment sheet (ES)'!MXM76 -> 0 | MXL76: ='Assessment sheet (ES)'!MXN76 -> 0 | MXS76: ='Assessment sheet (ES)'!MXU76 -> 0 | MXT76: ='Assessment sheet (ES)'!MXV76 -> 0 | MYA76: ='Assessment sheet (ES)'!MYC76 -> 0 | MYB76: ='Assessment sheet (ES)'!MYD76 -> 0 | MYI76: ='Assessment sheet (ES)'!MYK76 -> 0 | MYJ76: ='Assessment sheet (ES)'!MYL76 -> 0 | MYQ76: ='Assessment sheet (ES)'!MYS76 -> 0 | MYR76: ='Assessment sheet (ES)'!MYT76 -> 0 | MYY76: ='Assessment sheet (ES)'!MZA76 -> 0 | MYZ76: ='Assessment sheet (ES)'!MZB76 -> 0 | MZG76: ='Assessment sheet (ES)'!MZI76 -> 0 | MZH76: ='Assessment sheet (ES)'!MZJ76 -> 0 | MZO76: ='Assessment sheet (ES)'!MZQ76 -> 0 | MZP76: ='Assessment sheet (ES)'!MZR76 -> 0 | MZW76: ='Assessment sheet (ES)'!MZY76 -> 0 | MZX76: ='Assessment sheet (ES)'!MZZ76 -> 0 | NAE76: ='Assessment sheet (ES)'!NAG76 -> 0 | NAF76: ='Assessment sheet (ES)'!NAH76 -> 0 | NAM76: ='Assessment sheet (ES)'!NAO76 -> 0 | NAN76: ='Assessment sheet (ES)'!NAP76 -> 0 | NAU76: ='Assessment sheet (ES)'!NAW76 -> 0 | NAV76: ='Assessment sheet (ES)'!NAX76 -> 0 | NBC76: ='Assessment sheet (ES)'!NBE76 -> 0 | NBD76: ='Assessment sheet (ES)'!NBF76 -> 0 | NBK76: ='Assessment sheet (ES)'!NBM76 -> 0 | NBL76: ='Assessment sheet (ES)'!NBN76 -> 0 | NBS76: ='Assessment sheet (ES)'!NBU76 -> 0 | NBT76: ='Assessment sheet (ES)'!NBV76 -> 0 | NCA76: ='Assessment sheet (ES)'!NCC76 -> 0 | NCB76: ='Assessment sheet (ES)'!NCD76 -> 0 | NCI76: ='Assessment sheet (ES)'!NCK76 -> 0 | NCJ76: ='Assessment sheet (ES)'!NCL76 -> 0 | NCQ76: ='Assessment sheet (ES)'!NCS76 -> 0 | NCR76: ='Assessment sheet (ES)'!NCT76 -> 0 | NCY76: ='Assessment sheet (ES)'!NDA76 -> 0 | NCZ76: ='Assessment sheet (ES)'!NDB76 -> 0 | NDG76: ='Assessment sheet (ES)'!NDI76 -> 0 | NDH76: ='Assessment sheet (ES)'!NDJ76 -> 0 | NDO76: ='Assessment sheet (ES)'!NDQ76 -> 0 | NDP76: ='Assessment sheet (ES)'!NDR76 -> 0 | NDW76: ='Assessment sheet (ES)'!NDY76 -> 0 | NDX76: ='Assessment sheet (ES)'!NDZ76 -> 0 | NEE76: ='Assessment sheet (ES)'!NEG76 -> 0 | NEF76: ='Assessment sheet (ES)'!NEH76 -> 0 | NEM76: ='Assessment sheet (ES)'!NEO76 -> 0 | NEN76: ='Assessment sheet (ES)'!NEP76 -> 0 | NEU76: ='Assessment sheet (ES)'!NEW76 -> 0 | NEV76: ='Assessment sheet (ES)'!NEX76 -> 0 | NFC76: ='Assessment sheet (ES)'!NFE76 -> 0 | NFD76: ='Assessment sheet (ES)'!NFF76 -> 0 | NFK76: ='Assessment sheet (ES)'!NFM76 -> 0 | NFL76: ='Assessment sheet (ES)'!NFN76 -> 0 | NFS76: ='Assessment sheet (ES)'!NFU76 -> 0 | NFT76: ='Assessment sheet (ES)'!NFV76 -> 0 | NGA76: ='Assessment sheet (ES)'!NGC76 -> 0 | NGB76: ='Assessment sheet (ES)'!NGD76 -> 0 | NGI76: ='Assessment sheet (ES)'!NGK76 -> 0 | NGJ76: ='Assessment sheet (ES)'!NGL76 -> 0 | NGQ76: ='Assessment sheet (ES)'!NGS76 -> 0 | NGR76: ='Assessment sheet (ES)'!NGT76 -> 0 | NGY76: ='Assessment sheet (ES)'!NHA76 -> 0 | NGZ76: ='Assessment sheet (ES)'!NHB76 -> 0 | NHG76: ='Assessment sheet (ES)'!NHI76 -> 0 | NHH76: ='Assessment sheet (ES)'!NHJ76 -> 0 | NHO76: ='Assessment sheet (ES)'!NHQ76 -> 0 | NHP76: ='Assessment sheet (ES)'!NHR76 -> 0 | NHW76: ='Assessment sheet (ES)'!NHY76 -> 0 | NHX76: ='Assessment sheet (ES)'!NHZ76 -> 0 | NIE76: ='Assessment sheet (ES)'!NIG76 -> 0 | NIF76: ='Assessment sheet (ES)'!NIH76 -> 0 | NIM76: ='Assessment sheet (ES)'!NIO76 -> 0 | NIN76: ='Assessment sheet (ES)'!NIP76 -> 0 | NIU76: ='Assessment sheet (ES)'!NIW76 -> 0 | NIV76: ='Assessment sheet (ES)'!NIX76 -> 0 | NJC76: ='Assessment sheet (ES)'!NJE76 -> 0 | NJD76: ='Assessment sheet (ES)'!NJF76 -> 0 | NJK76: ='Assessment sheet (ES)'!NJM76 -> 0 | NJL76: ='Assessment sheet (ES)'!NJN76 -> 0 | NJS76: ='Assessment sheet (ES)'!NJU76 -> 0 | NJT76: ='Assessment sheet (ES)'!NJV76 -> 0 | NKA76: ='Assessment sheet (ES)'!NKC76 -> 0 | NKB76: ='Assessment sheet (ES)'!NKD76 -> 0 | NKI76: ='Assessment sheet (ES)'!NKK76 -> 0 | NKJ76: ='Assessment sheet (ES)'!NKL76 -> 0 | NKQ76: ='Assessment sheet (ES)'!NKS76 -> 0 | NKR76: ='Assessment sheet (ES)'!NKT76 -> 0 | NKY76: ='Assessment sheet (ES)'!NLA76 -> 0 | NKZ76: ='Assessment sheet (ES)'!NLB76 -> 0 | NLG76: ='Assessment sheet (ES)'!NLI76 -> 0 | NLH76: ='Assessment sheet (ES)'!NLJ76 -> 0 | NLO76: ='Assessment sheet (ES)'!NLQ76 -> 0 | NLP76: ='Assessment sheet (ES)'!NLR76 -> 0 | NLW76: ='Assessment sheet (ES)'!NLY76 -> 0 | NLX76: ='Assessment sheet (ES)'!NLZ76 -> 0 | NME76: ='Assessment sheet (ES)'!NMG76 -> 0 | NMF76: ='Assessment sheet (ES)'!NMH76 -> 0 | NMM76: ='Assessment sheet (ES)'!NMO76 -> 0 | NMN76: ='Assessment sheet (ES)'!NMP76 -> 0 | NMU76: ='Assessment sheet (ES)'!NMW76 -> 0 | NMV76: ='Assessment sheet (ES)'!NMX76 -> 0 | NNC76: ='Assessment sheet (ES)'!NNE76 -> 0 | NND76: ='Assessment sheet (ES)'!NNF76 -> 0 | NNK76: ='Assessment sheet (ES)'!NNM76 -> 0 | NNL76: ='Assessment sheet (ES)'!NNN76 -> 0 | NNS76: ='Assessment sheet (ES)'!NNU76 -> 0 | NNT76: ='Assessment sheet (ES)'!NNV76 -> 0 | NOA76: ='Assessment sheet (ES)'!NOC76 -> 0 | NOB76: ='Assessment sheet (ES)'!NOD76 -> 0 | NOI76: ='Assessment sheet (ES)'!NOK76 -> 0 | NOJ76: ='Assessment sheet (ES)'!NOL76 -> 0 | NOQ76: ='Assessment sheet (ES)'!NOS76 -> 0 | NOR76: ='Assessment sheet (ES)'!NOT76 -> 0 | NOY76: ='Assessment sheet (ES)'!NPA76 -> 0 | NOZ76: ='Assessment sheet (ES)'!NPB76 -> 0 | NPG76: ='Assessment sheet (ES)'!NPI76 -> 0 | NPH76: ='Assessment sheet (ES)'!NPJ76 -> 0 | NPO76: ='Assessment sheet (ES)'!NPQ76 -> 0 | NPP76: ='Assessment sheet (ES)'!NPR76 -> 0 | NPW76: ='Assessment sheet (ES)'!NPY76 -> 0 | NPX76: ='Assessment sheet (ES)'!NPZ76 -> 0 | NQE76: ='Assessment sheet (ES)'!NQG76 -> 0 | NQF76: ='Assessment sheet (ES)'!NQH76 -> 0 | NQM76: ='Assessment sheet (ES)'!NQO76 -> 0 | NQN76: ='Assessment sheet (ES)'!NQP76 -> 0 | NQU76: ='Assessment sheet (ES)'!NQW76 -> 0 | NQV76: ='Assessment sheet (ES)'!NQX76 -> 0 | NRC76: ='Assessment sheet (ES)'!NRE76 -> 0 | NRD76: ='Assessment sheet (ES)'!NRF76 -> 0 | NRK76: ='Assessment sheet (ES)'!NRM76 -> 0 | NRL76: ='Assessment sheet (ES)'!NRN76 -> 0 | NRS76: ='Assessment sheet (ES)'!NRU76 -> 0 | NRT76: ='Assessment sheet (ES)'!NRV76 -> 0 | NSA76: ='Assessment sheet (ES)'!NSC76 -> 0 | NSB76: ='Assessment sheet (ES)'!NSD76 -> 0 | NSI76: ='Assessment sheet (ES)'!NSK76 -> 0 | NSJ76: ='Assessment sheet (ES)'!NSL76 -> 0 | NSQ76: ='Assessment sheet (ES)'!NSS76 -> 0 | NSR76: ='Assessment sheet (ES)'!NST76 -> 0 | NSY76: ='Assessment sheet (ES)'!NTA76 -> 0 | NSZ76: ='Assessment sheet (ES)'!NTB76 -> 0 | NTG76: ='Assessment sheet (ES)'!NTI76 -> 0 | NTH76: ='Assessment sheet (ES)'!NTJ76 -> 0 | NTO76: ='Assessment sheet (ES)'!NTQ76 -> 0 | NTP76: ='Assessment sheet (ES)'!NTR76 -> 0 | NTW76: ='Assessment sheet (ES)'!NTY76 -> 0 | NTX76: ='Assessment sheet (ES)'!NTZ76 -> 0 | NUE76: ='Assessment sheet (ES)'!NUG76 -> 0 | NUF76: ='Assessment sheet (ES)'!NUH76 -> 0 | NUM76: ='Assessment sheet (ES)'!NUO76 -> 0 | NUN76: ='Assessment sheet (ES)'!NUP76 -> 0 | NUU76: ='Assessment sheet (ES)'!NUW76 -> 0 | NUV76: ='Assessment sheet (ES)'!NUX76 -> 0 | NVC76: ='Assessment sheet (ES)'!NVE76 -> 0 | NVD76: ='Assessment sheet (ES)'!NVF76 -> 0 | NVK76: ='Assessment sheet (ES)'!NVM76 -> 0 | NVL76: ='Assessment sheet (ES)'!NVN76 -> 0 | NVS76: ='Assessment sheet (ES)'!NVU76 -> 0 | NVT76: ='Assessment sheet (ES)'!NVV76 -> 0 | NWA76: ='Assessment sheet (ES)'!NWC76 -> 0 | NWB76: ='Assessment sheet (ES)'!NWD76 -> 0 | NWI76: ='Assessment sheet (ES)'!NWK76 -> 0 | NWJ76: ='Assessment sheet (ES)'!NWL76 -> 0 | NWQ76: ='Assessment sheet (ES)'!NWS76 -> 0 | NWR76: ='Assessment sheet (ES)'!NWT76 -> 0 | NWY76: ='Assessment sheet (ES)'!NXA76 -> 0 | NWZ76: ='Assessment sheet (ES)'!NXB76 -> 0 | NXG76: ='Assessment sheet (ES)'!NXI76 -> 0 | NXH76: ='Assessment sheet (ES)'!NXJ76 -> 0 | NXO76: ='Assessment sheet (ES)'!NXQ76 -> 0 | NXP76: ='Assessment sheet (ES)'!NXR76 -> 0 | NXW76: ='Assessment sheet (ES)'!NXY76 -> 0 | NXX76: ='Assessment sheet (ES)'!NXZ76 -> 0 | NYE76: ='Assessment sheet (ES)'!NYG76 -> 0 | NYF76: ='Assessment sheet (ES)'!NYH76 -> 0 | NYM76: ='Assessment sheet (ES)'!NYO76 -> 0 | NYN76: ='Assessment sheet (ES)'!NYP76 -> 0 | NYU76: ='Assessment sheet (ES)'!NYW76 -> 0 | NYV76: ='Assessment sheet (ES)'!NYX76 -> 0 | NZC76: ='Assessment sheet (ES)'!NZE76 -> 0 | NZD76: ='Assessment sheet (ES)'!NZF76 -> 0 | NZK76: ='Assessment sheet (ES)'!NZM76 -> 0 | NZL76: ='Assessment sheet (ES)'!NZN76 -> 0 | NZS76: ='Assessment sheet (ES)'!NZU76 -> 0 | NZT76: ='Assessment sheet (ES)'!NZV76 -> 0 | OAA76: ='Assessment sheet (ES)'!OAC76 -> 0 | OAB76: ='Assessment sheet (ES)'!OAD76 -> 0 | OAI76: ='Assessment sheet (ES)'!OAK76 -> 0 | OAJ76: ='Assessment sheet (ES)'!OAL76 -> 0 | OAQ76: ='Assessment sheet (ES)'!OAS76 -> 0 | OAR76: ='Assessment sheet (ES)'!OAT76 -> 0 | OAY76: ='Assessment sheet (ES)'!OBA76 -> 0 | OAZ76: ='Assessment sheet (ES)'!OBB76 -> 0 | OBG76: ='Assessment sheet (ES)'!OBI76 -> 0 | OBH76: ='Assessment sheet (ES)'!OBJ76 -> 0 | OBO76: ='Assessment sheet (ES)'!OBQ76 -> 0 | OBP76: ='Assessment sheet (ES)'!OBR76 -> 0 | OBW76: ='Assessment sheet (ES)'!OBY76 -> 0 | OBX76: ='Assessment sheet (ES)'!OBZ76 -> 0 | OCE76: ='Assessment sheet (ES)'!OCG76 -> 0 | OCF76: ='Assessment sheet (ES)'!OCH76 -> 0 | OCM76: ='Assessment sheet (ES)'!OCO76 -> 0 | OCN76: ='Assessment sheet (ES)'!OCP76 -> 0 | OCU76: ='Assessment sheet (ES)'!OCW76 -> 0 | OCV76: ='Assessment sheet (ES)'!OCX76 -> 0 | ODC76: ='Assessment sheet (ES)'!ODE76 -> 0 | ODD76: ='Assessment sheet (ES)'!ODF76 -> 0 | ODK76: ='Assessment sheet (ES)'!ODM76 -> 0 | ODL76: ='Assessment sheet (ES)'!ODN76 -> 0 | ODS76: ='Assessment sheet (ES)'!ODU76 -> 0 | ODT76: ='Assessment sheet (ES)'!ODV76 -> 0 | OEA76: ='Assessment sheet (ES)'!OEC76 -> 0 | OEB76: ='Assessment sheet (ES)'!OED76 -> 0 | OEI76: ='Assessment sheet (ES)'!OEK76 -> 0 | OEJ76: ='Assessment sheet (ES)'!OEL76 -> 0 | OEQ76: ='Assessment sheet (ES)'!OES76 -> 0 | OER76: ='Assessment sheet (ES)'!OET76 -> 0 | OEY76: ='Assessment sheet (ES)'!OFA76 -> 0 | OEZ76: ='Assessment sheet (ES)'!OFB76 -> 0 | OFG76: ='Assessment sheet (ES)'!OFI76 -> 0 | OFH76: ='Assessment sheet (ES)'!OFJ76 -> 0 | OFO76: ='Assessment sheet (ES)'!OFQ76 -> 0 | OFP76: ='Assessment sheet (ES)'!OFR76 -> 0 | OFW76: ='Assessment sheet (ES)'!OFY76 -> 0 | OFX76: ='Assessment sheet (ES)'!OFZ76 -> 0 | OGE76: ='Assessment sheet (ES)'!OGG76 -> 0 | OGF76: ='Assessment sheet (ES)'!OGH76 -> 0 | OGM76: ='Assessment sheet (ES)'!OGO76 -> 0 | OGN76: ='Assessment sheet (ES)'!OGP76 -> 0 | OGU76: ='Assessment sheet (ES)'!OGW76 -> 0 | OGV76: ='Assessment sheet (ES)'!OGX76 -> 0 | OHC76: ='Assessment sheet (ES)'!OHE76 -> 0 | OHD76: ='Assessment sheet (ES)'!OHF76 -> 0 | OHK76: ='Assessment sheet (ES)'!OHM76 -> 0 | OHL76: ='Assessment sheet (ES)'!OHN76 -> 0 | OHS76: ='Assessment sheet (ES)'!OHU76 -> 0 | OHT76: ='Assessment sheet (ES)'!OHV76 -> 0 | OIA76: ='Assessment sheet (ES)'!OIC76 -> 0 | OIB76: ='Assessment sheet (ES)'!OID76 -> 0 | OII76: ='Assessment sheet (ES)'!OIK76 -> 0 | OIJ76: ='Assessment sheet (ES)'!OIL76 -> 0 | OIQ76: ='Assessment sheet (ES)'!OIS76 -> 0 | OIR76: ='Assessment sheet (ES)'!OIT76 -> 0 | OIY76: ='Assessment sheet (ES)'!OJA76 -> 0 | OIZ76: ='Assessment sheet (ES)'!OJB76 -> 0 | OJG76: ='Assessment sheet (ES)'!OJI76 -> 0 | OJH76: ='Assessment sheet (ES)'!OJJ76 -> 0 | OJO76: ='Assessment sheet (ES)'!OJQ76 -> 0 | OJP76: ='Assessment sheet (ES)'!OJR76 -> 0 | OJW76: ='Assessment sheet (ES)'!OJY76 -> 0 | OJX76: ='Assessment sheet (ES)'!OJZ76 -> 0 | OKE76: ='Assessment sheet (ES)'!OKG76 -> 0 | OKF76: ='Assessment sheet (ES)'!OKH76 -> 0 | OKM76: ='Assessment sheet (ES)'!OKO76 -> 0 | OKN76: ='Assessment sheet (ES)'!OKP76 -> 0 | OKU76: ='Assessment sheet (ES)'!OKW76 -> 0 | OKV76: ='Assessment sheet (ES)'!OKX76 -> 0 | OLC76: ='Assessment sheet (ES)'!OLE76 -> 0 | OLD76: ='Assessment sheet (ES)'!OLF76 -> 0 | OLK76: ='Assessment sheet (ES)'!OLM76 -> 0 | OLL76: ='Assessment sheet (ES)'!OLN76 -> 0 | OLS76: ='Assessment sheet (ES)'!OLU76 -> 0 | OLT76: ='Assessment sheet (ES)'!OLV76 -> 0 | OMA76: ='Assessment sheet (ES)'!OMC76 -> 0 | OMB76: ='Assessment sheet (ES)'!OMD76 -> 0 | OMI76: ='Assessment sheet (ES)'!OMK76 -> 0 | OMJ76: ='Assessment sheet (ES)'!OML76 -> 0 | OMQ76: ='Assessment sheet (ES)'!OMS76 -> 0 | OMR76: ='Assessment sheet (ES)'!OMT76 -> 0 | OMY76: ='Assessment sheet (ES)'!ONA76 -> 0 | OMZ76: ='Assessment sheet (ES)'!ONB76 -> 0 | ONG76: ='Assessment sheet (ES)'!ONI76 -> 0 | ONH76: ='Assessment sheet (ES)'!ONJ76 -> 0 | ONO76: ='Assessment sheet (ES)'!ONQ76 -> 0 | ONP76: ='Assessment sheet (ES)'!ONR76 -> 0 | ONW76: ='Assessment sheet (ES)'!ONY76 -> 0 | ONX76: ='Assessment sheet (ES)'!ONZ76 -> 0 | OOE76: ='Assessment sheet (ES)'!OOG76 -> 0 | OOF76: ='Assessment sheet (ES)'!OOH76 -> 0 | OOM76: ='Assessment sheet (ES)'!OOO76 -> 0 | OON76: ='Assessment sheet (ES)'!OOP76 -> 0 | OOU76: ='Assessment sheet (ES)'!OOW76 -> 0 | OOV76: ='Assessment sheet (ES)'!OOX76 -> 0 | OPC76: ='Assessment sheet (ES)'!OPE76 -> 0 | OPD76: ='Assessment sheet (ES)'!OPF76 -> 0 | OPK76: ='Assessment sheet (ES)'!OPM76 -> 0 | OPL76: ='Assessment sheet (ES)'!OPN76 -> 0 | OPS76: ='Assessment sheet (ES)'!OPU76 -> 0 | OPT76: ='Assessment sheet (ES)'!OPV76 -> 0 | OQA76: ='Assessment sheet (ES)'!OQC76 -> 0 | OQB76: ='Assessment sheet (ES)'!OQD76 -> 0 | OQI76: ='Assessment sheet (ES)'!OQK76 -> 0 | OQJ76: ='Assessment sheet (ES)'!OQL76 -> 0 | OQQ76: ='Assessment sheet (ES)'!OQS76 -> 0 | OQR76: ='Assessment sheet (ES)'!OQT76 -> 0 | OQY76: ='Assessment sheet (ES)'!ORA76 -> 0 | OQZ76: ='Assessment sheet (ES)'!ORB76 -> 0 | ORG76: ='Assessment sheet (ES)'!ORI76 -> 0 | ORH76: ='Assessment sheet (ES)'!ORJ76 -> 0 | ORO76: ='Assessment sheet (ES)'!ORQ76 -> 0 | ORP76: ='Assessment sheet (ES)'!ORR76 -> 0 | ORW76: ='Assessment sheet (ES)'!ORY76 -> 0 | ORX76: ='Assessment sheet (ES)'!ORZ76 -> 0 | OSE76: ='Assessment sheet (ES)'!OSG76 -> 0 | OSF76: ='Assessment sheet (ES)'!OSH76 -> 0 | OSM76: ='Assessment sheet (ES)'!OSO76 -> 0 | OSN76: ='Assessment sheet (ES)'!OSP76 -> 0 | OSU76: ='Assessment sheet (ES)'!OSW76 -> 0 | OSV76: ='Assessment sheet (ES)'!OSX76 -> 0 | OTC76: ='Assessment sheet (ES)'!OTE76 -> 0 | OTD76: ='Assessment sheet (ES)'!OTF76 -> 0 | OTK76: ='Assessment sheet (ES)'!OTM76 -> 0 | OTL76: ='Assessment sheet (ES)'!OTN76 -> 0 | OTS76: ='Assessment sheet (ES)'!OTU76 -> 0 | OTT76: ='Assessment sheet (ES)'!OTV76 -> 0 | OUA76: ='Assessment sheet (ES)'!OUC76 -> 0 | OUB76: ='Assessment sheet (ES)'!OUD76 -> 0 | OUI76: ='Assessment sheet (ES)'!OUK76 -> 0 | OUJ76: ='Assessment sheet (ES)'!OUL76 -> 0 | OUQ76: ='Assessment sheet (ES)'!OUS76 -> 0 | OUR76: ='Assessment sheet (ES)'!OUT76 -> 0 | OUY76: ='Assessment sheet (ES)'!OVA76 -> 0 | OUZ76: ='Assessment sheet (ES)'!OVB76 -> 0 | OVG76: ='Assessment sheet (ES)'!OVI76 -> 0 | OVH76: ='Assessment sheet (ES)'!OVJ76 -> 0 | OVO76: ='Assessment sheet (ES)'!OVQ76 -> 0 | OVP76: ='Assessment sheet (ES)'!OVR76 -> 0 | OVW76: ='Assessment sheet (ES)'!OVY76 -> 0 | OVX76: ='Assessment sheet (ES)'!OVZ76 -> 0 | OWE76: ='Assessment sheet (ES)'!OWG76 -> 0 | OWF76: ='Assessment sheet (ES)'!OWH76 -> 0 | OWM76: ='Assessment sheet (ES)'!OWO76 -> 0 | OWN76: ='Assessment sheet (ES)'!OWP76 -> 0 | OWU76: ='Assessment sheet (ES)'!OWW76 -> 0 | OWV76: ='Assessment sheet (ES)'!OWX76 -> 0 | OXC76: ='Assessment sheet (ES)'!OXE76 -> 0 | OXD76: ='Assessment sheet (ES)'!OXF76 -> 0 | OXK76: ='Assessment sheet (ES)'!OXM76 -> 0 | OXL76: ='Assessment sheet (ES)'!OXN76 -> 0 | OXS76: ='Assessment sheet (ES)'!OXU76 -> 0 | OXT76: ='Assessment sheet (ES)'!OXV76 -> 0 | OYA76: ='Assessment sheet (ES)'!OYC76 -> 0 | OYB76: ='Assessment sheet (ES)'!OYD76 -> 0 | OYI76: ='Assessment sheet (ES)'!OYK76 -> 0 | OYJ76: ='Assessment sheet (ES)'!OYL76 -> 0 | OYQ76: ='Assessment sheet (ES)'!OYS76 -> 0 | OYR76: ='Assessment sheet (ES)'!OYT76 -> 0 | OYY76: ='Assessment sheet (ES)'!OZA76 -> 0 | OYZ76: ='Assessment sheet (ES)'!OZB76 -> 0 | OZG76: ='Assessment sheet (ES)'!OZI76 -> 0 | OZH76: ='Assessment sheet (ES)'!OZJ76 -> 0 | OZO76: ='Assessment sheet (ES)'!OZQ76 -> 0 | OZP76: ='Assessment sheet (ES)'!OZR76 -> 0 | OZW76: ='Assessment sheet (ES)'!OZY76 -> 0 | OZX76: ='Assessment sheet (ES)'!OZZ76 -> 0 | PAE76: ='Assessment sheet (ES)'!PAG76 -> 0 | PAF76: ='Assessment sheet (ES)'!PAH76 -> 0 | PAM76: ='Assessment sheet (ES)'!PAO76 -> 0 | PAN76: ='Assessment sheet (ES)'!PAP76 -> 0 | PAU76: ='Assessment sheet (ES)'!PAW76 -> 0 | PAV76: ='Assessment sheet (ES)'!PAX76 -> 0 | PBC76: ='Assessment sheet (ES)'!PBE76 -> 0 | PBD76: ='Assessment sheet (ES)'!PBF76 -> 0 | PBK76: ='Assessment sheet (ES)'!PBM76 -> 0 | PBL76: ='Assessment sheet (ES)'!PBN76 -> 0 | PBS76: ='Assessment sheet (ES)'!PBU76 -> 0 | PBT76: ='Assessment sheet (ES)'!PBV76 -> 0 | PCA76: ='Assessment sheet (ES)'!PCC76 -> 0 | PCB76: ='Assessment sheet (ES)'!PCD76 -> 0 | PCI76: ='Assessment sheet (ES)'!PCK76 -> 0 | PCJ76: ='Assessment sheet (ES)'!PCL76 -> 0 | PCQ76: ='Assessment sheet (ES)'!PCS76 -> 0 | PCR76: ='Assessment sheet (ES)'!PCT76 -> 0 | PCY76: ='Assessment sheet (ES)'!PDA76 -> 0 | PCZ76: ='Assessment sheet (ES)'!PDB76 -> 0 | PDG76: ='Assessment sheet (ES)'!PDI76 -> 0 | PDH76: ='Assessment sheet (ES)'!PDJ76 -> 0 | PDO76: ='Assessment sheet (ES)'!PDQ76 -> 0 | PDP76: ='Assessment sheet (ES)'!PDR76 -> 0 | PDW76: ='Assessment sheet (ES)'!PDY76 -> 0 | PDX76: ='Assessment sheet (ES)'!PDZ76 -> 0 | PEE76: ='Assessment sheet (ES)'!PEG76 -> 0 | PEF76: ='Assessment sheet (ES)'!PEH76 -> 0 | PEM76: ='Assessment sheet (ES)'!PEO76 -> 0 | PEN76: ='Assessment sheet (ES)'!PEP76 -> 0 | PEU76: ='Assessment sheet (ES)'!PEW76 -> 0 | PEV76: ='Assessment sheet (ES)'!PEX76 -> 0 | PFC76: ='Assessment sheet (ES)'!PFE76 -> 0 | PFD76: ='Assessment sheet (ES)'!PFF76 -> 0 | PFK76: ='Assessment sheet (ES)'!PFM76 -> 0 | PFL76: ='Assessment sheet (ES)'!PFN76 -> 0 | PFS76: ='Assessment sheet (ES)'!PFU76 -> 0 | PFT76: ='Assessment sheet (ES)'!PFV76 -> 0 | PGA76: ='Assessment sheet (ES)'!PGC76 -> 0 | PGB76: ='Assessment sheet (ES)'!PGD76 -> 0 | PGI76: ='Assessment sheet (ES)'!PGK76 -> 0 | PGJ76: ='Assessment sheet (ES)'!PGL76 -> 0 | PGQ76: ='Assessment sheet (ES)'!PGS76 -> 0 | PGR76: ='Assessment sheet (ES)'!PGT76 -> 0 | PGY76: ='Assessment sheet (ES)'!PHA76 -> 0 | PGZ76: ='Assessment sheet (ES)'!PHB76 -> 0 | PHG76: ='Assessment sheet (ES)'!PHI76 -> 0 | PHH76: ='Assessment sheet (ES)'!PHJ76 -> 0 | PHO76: ='Assessment sheet (ES)'!PHQ76 -> 0 | PHP76: ='Assessment sheet (ES)'!PHR76 -> 0 | PHW76: ='Assessment sheet (ES)'!PHY76 -> 0 | PHX76: ='Assessment sheet (ES)'!PHZ76 -> 0 | PIE76: ='Assessment sheet (ES)'!PIG76 -> 0 | PIF76: ='Assessment sheet (ES)'!PIH76 -> 0 | PIM76: ='Assessment sheet (ES)'!PIO76 -> 0 | PIN76: ='Assessment sheet (ES)'!PIP76 -> 0 | PIU76: ='Assessment sheet (ES)'!PIW76 -> 0 | PIV76: ='Assessment sheet (ES)'!PIX76 -> 0 | PJC76: ='Assessment sheet (ES)'!PJE76 -> 0 | PJD76: ='Assessment sheet (ES)'!PJF76 -> 0 | PJK76: ='Assessment sheet (ES)'!PJM76 -> 0 | PJL76: ='Assessment sheet (ES)'!PJN76 -> 0 | PJS76: ='Assessment sheet (ES)'!PJU76 -> 0 | PJT76: ='Assessment sheet (ES)'!PJV76 -> 0 | PKA76: ='Assessment sheet (ES)'!PKC76 -> 0 | PKB76: ='Assessment sheet (ES)'!PKD76 -> 0 | PKI76: ='Assessment sheet (ES)'!PKK76 -> 0 | PKJ76: ='Assessment sheet (ES)'!PKL76 -> 0 | PKQ76: ='Assessment sheet (ES)'!PKS76 -> 0 | PKR76: ='Assessment sheet (ES)'!PKT76 -> 0 | PKY76: ='Assessment sheet (ES)'!PLA76 -> 0 | PKZ76: ='Assessment sheet (ES)'!PLB76 -> 0 | PLG76: ='Assessment sheet (ES)'!PLI76 -> 0 | PLH76: ='Assessment sheet (ES)'!PLJ76 -> 0 | PLO76: ='Assessment sheet (ES)'!PLQ76 -> 0 | PLP76: ='Assessment sheet (ES)'!PLR76 -> 0 | PLW76: ='Assessment sheet (ES)'!PLY76 -> 0 | PLX76: ='Assessment sheet (ES)'!PLZ76 -> 0 | PME76: ='Assessment sheet (ES)'!PMG76 -> 0 | PMF76: ='Assessment sheet (ES)'!PMH76 -> 0 | PMM76: ='Assessment sheet (ES)'!PMO76 -> 0 | PMN76: ='Assessment sheet (ES)'!PMP76 -> 0 | PMU76: ='Assessment sheet (ES)'!PMW76 -> 0 | PMV76: ='Assessment sheet (ES)'!PMX76 -> 0 | PNC76: ='Assessment sheet (ES)'!PNE76 -> 0 | PND76: ='Assessment sheet (ES)'!PNF76 -> 0 | PNK76: ='Assessment sheet (ES)'!PNM76 -> 0 | PNL76: ='Assessment sheet (ES)'!PNN76 -> 0 | PNS76: ='Assessment sheet (ES)'!PNU76 -> 0 | PNT76: ='Assessment sheet (ES)'!PNV76 -> 0 | POA76: ='Assessment sheet (ES)'!POC76 -> 0 | POB76: ='Assessment sheet (ES)'!POD76 -> 0 | POI76: ='Assessment sheet (ES)'!POK76 -> 0 | POJ76: ='Assessment sheet (ES)'!POL76 -> 0 | POQ76: ='Assessment sheet (ES)'!POS76 -> 0 | POR76: ='Assessment sheet (ES)'!POT76 -> 0 | POY76: ='Assessment sheet (ES)'!PPA76 -> 0 | POZ76: ='Assessment sheet (ES)'!PPB76 -> 0 | PPG76: ='Assessment sheet (ES)'!PPI76 -> 0 | PPH76: ='Assessment sheet (ES)'!PPJ76 -> 0 | PPO76: ='Assessment sheet (ES)'!PPQ76 -> 0 | PPP76: ='Assessment sheet (ES)'!PPR76 -> 0 | PPW76: ='Assessment sheet (ES)'!PPY76 -> 0 | PPX76: ='Assessment sheet (ES)'!PPZ76 -> 0 | PQE76: ='Assessment sheet (ES)'!PQG76 -> 0 | PQF76: ='Assessment sheet (ES)'!PQH76 -> 0 | PQM76: ='Assessment sheet (ES)'!PQO76 -> 0 | PQN76: ='Assessment sheet (ES)'!PQP76 -> 0 | PQU76: ='Assessment sheet (ES)'!PQW76 -> 0 | PQV76: ='Assessment sheet (ES)'!PQX76 -> 0 | PRC76: ='Assessment sheet (ES)'!PRE76 -> 0 | PRD76: ='Assessment sheet (ES)'!PRF76 -> 0 | PRK76: ='Assessment sheet (ES)'!PRM76 -> 0 | PRL76: ='Assessment sheet (ES)'!PRN76 -> 0 | PRS76: ='Assessment sheet (ES)'!PRU76 -> 0 | PRT76: ='Assessment sheet (ES)'!PRV76 -> 0 | PSA76: ='Assessment sheet (ES)'!PSC76 -> 0 | PSB76: ='Assessment sheet (ES)'!PSD76 -> 0 | PSI76: ='Assessment sheet (ES)'!PSK76 -> 0 | PSJ76: ='Assessment sheet (ES)'!PSL76 -> 0 | PSQ76: ='Assessment sheet (ES)'!PSS76 -> 0 | PSR76: ='Assessment sheet (ES)'!PST76 -> 0 | PSY76: ='Assessment sheet (ES)'!PTA76 -> 0 | PSZ76: ='Assessment sheet (ES)'!PTB76 -> 0 | PTG76: ='Assessment sheet (ES)'!PTI76 -> 0 | PTH76: ='Assessment sheet (ES)'!PTJ76 -> 0 | PTO76: ='Assessment sheet (ES)'!PTQ76 -> 0 | PTP76: ='Assessment sheet (ES)'!PTR76 -> 0 | PTW76: ='Assessment sheet (ES)'!PTY76 -> 0 | PTX76: ='Assessment sheet (ES)'!PTZ76 -> 0 | PUE76: ='Assessment sheet (ES)'!PUG76 -> 0 | PUF76: ='Assessment sheet (ES)'!PUH76 -> 0 | PUM76: ='Assessment sheet (ES)'!PUO76 -> 0 | PUN76: ='Assessment sheet (ES)'!PUP76 -> 0 | PUU76: ='Assessment sheet (ES)'!PUW76 -> 0 | PUV76: ='Assessment sheet (ES)'!PUX76 -> 0 | PVC76: ='Assessment sheet (ES)'!PVE76 -> 0 | PVD76: ='Assessment sheet (ES)'!PVF76 -> 0 | PVK76: ='Assessment sheet (ES)'!PVM76 -> 0 | PVL76: ='Assessment sheet (ES)'!PVN76 -> 0 | PVS76: ='Assessment sheet (ES)'!PVU76 -> 0 | PVT76: ='Assessment sheet (ES)'!PVV76 -> 0 | PWA76: ='Assessment sheet (ES)'!PWC76 -> 0 | PWB76: ='Assessment sheet (ES)'!PWD76 -> 0 | PWI76: ='Assessment sheet (ES)'!PWK76 -> 0 | PWJ76: ='Assessment sheet (ES)'!PWL76 -> 0 | PWQ76: ='Assessment sheet (ES)'!PWS76 -> 0 | PWR76: ='Assessment sheet (ES)'!PWT76 -> 0 | PWY76: ='Assessment sheet (ES)'!PXA76 -> 0 | PWZ76: ='Assessment sheet (ES)'!PXB76 -> 0 | PXG76: ='Assessment sheet (ES)'!PXI76 -> 0 | PXH76: ='Assessment sheet (ES)'!PXJ76 -> 0 | PXO76: ='Assessment sheet (ES)'!PXQ76 -> 0 | PXP76: ='Assessment sheet (ES)'!PXR76 -> 0 | PXW76: ='Assessment sheet (ES)'!PXY76 -> 0 | PXX76: ='Assessment sheet (ES)'!PXZ76 -> 0 | PYE76: ='Assessment sheet (ES)'!PYG76 -> 0 | PYF76: ='Assessment sheet (ES)'!PYH76 -> 0 | PYM76: ='Assessment sheet (ES)'!PYO76 -> 0 | PYN76: ='Assessment sheet (ES)'!PYP76 -> 0 | PYU76: ='Assessment sheet (ES)'!PYW76 -> 0 | PYV76: ='Assessment sheet (ES)'!PYX76 -> 0 | PZC76: ='Assessment sheet (ES)'!PZE76 -> 0 | PZD76: ='Assessment sheet (ES)'!PZF76 -> 0 | PZK76: ='Assessment sheet (ES)'!PZM76 -> 0 | PZL76: ='Assessment sheet (ES)'!PZN76 -> 0 | PZS76: ='Assessment sheet (ES)'!PZU76 -> 0 | PZT76: ='Assessment sheet (ES)'!PZV76 -> 0 | QAA76: ='Assessment sheet (ES)'!QAC76 -> 0 | QAB76: ='Assessment sheet (ES)'!QAD76 -> 0 | QAI76: ='Assessment sheet (ES)'!QAK76 -> 0 | QAJ76: ='Assessment sheet (ES)'!QAL76 -> 0 | QAQ76: ='Assessment sheet (ES)'!QAS76 -> 0 | QAR76: ='Assessment sheet (ES)'!QAT76 -> 0 | QAY76: ='Assessment sheet (ES)'!QBA76 -> 0 | QAZ76: ='Assessment sheet (ES)'!QBB76 -> 0 | QBG76: ='Assessment sheet (ES)'!QBI76 -> 0 | QBH76: ='Assessment sheet (ES)'!QBJ76 -> 0 | QBO76: ='Assessment sheet (ES)'!QBQ76 -> 0 | QBP76: ='Assessment sheet (ES)'!QBR76 -> 0 | QBW76: ='Assessment sheet (ES)'!QBY76 -> 0 | QBX76: ='Assessment sheet (ES)'!QBZ76 -> 0 | QCE76: ='Assessment sheet (ES)'!QCG76 -> 0 | QCF76: ='Assessment sheet (ES)'!QCH76 -> 0 | QCM76: ='Assessment sheet (ES)'!QCO76 -> 0 | QCN76: ='Assessment sheet (ES)'!QCP76 -> 0 | QCU76: ='Assessment sheet (ES)'!QCW76 -> 0 | QCV76: ='Assessment sheet (ES)'!QCX76 -> 0 | QDC76: ='Assessment sheet (ES)'!QDE76 -> 0 | QDD76: ='Assessment sheet (ES)'!QDF76 -> 0 | QDK76: ='Assessment sheet (ES)'!QDM76 -> 0 | QDL76: ='Assessment sheet (ES)'!QDN76 -> 0 | QDS76: ='Assessment sheet (ES)'!QDU76 -> 0 | QDT76: ='Assessment sheet (ES)'!QDV76 -> 0 | QEA76: ='Assessment sheet (ES)'!QEC76 -> 0 | QEB76: ='Assessment sheet (ES)'!QED76 -> 0 | QEI76: ='Assessment sheet (ES)'!QEK76 -> 0 | QEJ76: ='Assessment sheet (ES)'!QEL76 -> 0 | QEQ76: ='Assessment sheet (ES)'!QES76 -> 0 | QER76: ='Assessment sheet (ES)'!QET76 -> 0 | QEY76: ='Assessment sheet (ES)'!QFA76 -> 0 | QEZ76: ='Assessment sheet (ES)'!QFB76 -> 0 | QFG76: ='Assessment sheet (ES)'!QFI76 -> 0 | QFH76: ='Assessment sheet (ES)'!QFJ76 -> 0 | QFO76: ='Assessment sheet (ES)'!QFQ76 -> 0 | QFP76: ='Assessment sheet (ES)'!QFR76 -> 0 | QFW76: ='Assessment sheet (ES)'!QFY76 -> 0 | QFX76: ='Assessment sheet (ES)'!QFZ76 -> 0 | QGE76: ='Assessment sheet (ES)'!QGG76 -> 0 | QGF76: ='Assessment sheet (ES)'!QGH76 -> 0 | QGM76: ='Assessment sheet (ES)'!QGO76 -> 0 | QGN76: ='Assessment sheet (ES)'!QGP76 -> 0 | QGU76: ='Assessment sheet (ES)'!QGW76 -> 0 | QGV76: ='Assessment sheet (ES)'!QGX76 -> 0 | QHC76: ='Assessment sheet (ES)'!QHE76 -> 0 | QHD76: ='Assessment sheet (ES)'!QHF76 -> 0 | QHK76: ='Assessment sheet (ES)'!QHM76 -> 0 | QHL76: ='Assessment sheet (ES)'!QHN76 -> 0 | QHS76: ='Assessment sheet (ES)'!QHU76 -> 0 | QHT76: ='Assessment sheet (ES)'!QHV76 -> 0 | QIA76: ='Assessment sheet (ES)'!QIC76 -> 0 | QIB76: ='Assessment sheet (ES)'!QID76 -> 0 | QII76: ='Assessment sheet (ES)'!QIK76 -> 0 | QIJ76: ='Assessment sheet (ES)'!QIL76 -> 0 | QIQ76: ='Assessment sheet (ES)'!QIS76 -> 0 | QIR76: ='Assessment sheet (ES)'!QIT76 -> 0 | QIY76: ='Assessment sheet (ES)'!QJA76 -> 0 | QIZ76: ='Assessment sheet (ES)'!QJB76 -> 0 | QJG76: ='Assessment sheet (ES)'!QJI76 -> 0 | QJH76: ='Assessment sheet (ES)'!QJJ76 -> 0 | QJO76: ='Assessment sheet (ES)'!QJQ76 -> 0 | QJP76: ='Assessment sheet (ES)'!QJR76 -> 0 | QJW76: ='Assessment sheet (ES)'!QJY76 -> 0 | QJX76: ='Assessment sheet (ES)'!QJZ76 -> 0 | QKE76: ='Assessment sheet (ES)'!QKG76 -> 0 | QKF76: ='Assessment sheet (ES)'!QKH76 -> 0 | QKM76: ='Assessment sheet (ES)'!QKO76 -> 0 | QKN76: ='Assessment sheet (ES)'!QKP76 -> 0 | QKU76: ='Assessment sheet (ES)'!QKW76 -> 0 | QKV76: ='Assessment sheet (ES)'!QKX76 -> 0 | QLC76: ='Assessment sheet (ES)'!QLE76 -> 0 | QLD76: ='Assessment sheet (ES)'!QLF76 -> 0 | QLK76: ='Assessment sheet (ES)'!QLM76 -> 0 | QLL76: ='Assessment sheet (ES)'!QLN76 -> 0 | QLS76: ='Assessment sheet (ES)'!QLU76 -> 0 | QLT76: ='Assessment sheet (ES)'!QLV76 -> 0 | QMA76: ='Assessment sheet (ES)'!QMC76 -> 0 | QMB76: ='Assessment sheet (ES)'!QMD76 -> 0 | QMI76: ='Assessment sheet (ES)'!QMK76 -> 0 | QMJ76: ='Assessment sheet (ES)'!QML76 -> 0 | QMQ76: ='Assessment sheet (ES)'!QMS76 -> 0 | QMR76: ='Assessment sheet (ES)'!QMT76 -> 0 | QMY76: ='Assessment sheet (ES)'!QNA76 -> 0 | QMZ76: ='Assessment sheet (ES)'!QNB76 -> 0 | QNG76: ='Assessment sheet (ES)'!QNI76 -> 0 | QNH76: ='Assessment sheet (ES)'!QNJ76 -> 0 | QNO76: ='Assessment sheet (ES)'!QNQ76 -> 0 | QNP76: ='Assessment sheet (ES)'!QNR76 -> 0 | QNW76: ='Assessment sheet (ES)'!QNY76 -> 0 | QNX76: ='Assessment sheet (ES)'!QNZ76 -> 0 | QOE76: ='Assessment sheet (ES)'!QOG76 -> 0 | QOF76: ='Assessment sheet (ES)'!QOH76 -> 0 | QOM76: ='Assessment sheet (ES)'!QOO76 -> 0 | QON76: ='Assessment sheet (ES)'!QOP76 -> 0 | QOU76: ='Assessment sheet (ES)'!QOW76 -> 0 | QOV76: ='Assessment sheet (ES)'!QOX76 -> 0 | QPC76: ='Assessment sheet (ES)'!QPE76 -> 0 | QPD76: ='Assessment sheet (ES)'!QPF76 -> 0 | QPK76: ='Assessment sheet (ES)'!QPM76 -> 0 | QPL76: ='Assessment sheet (ES)'!QPN76 -> 0 | QPS76: ='Assessment sheet (ES)'!QPU76 -> 0 | QPT76: ='Assessment sheet (ES)'!QPV76 -> 0 | QQA76: ='Assessment sheet (ES)'!QQC76 -> 0 | QQB76: ='Assessment sheet (ES)'!QQD76 -> 0 | QQI76: ='Assessment sheet (ES)'!QQK76 -> 0 | QQJ76: ='Assessment sheet (ES)'!QQL76 -> 0 | QQQ76: ='Assessment sheet (ES)'!QQS76 -> 0 | QQR76: ='Assessment sheet (ES)'!QQT76 -> 0 | QQY76: ='Assessment sheet (ES)'!QRA76 -> 0 | QQZ76: ='Assessment sheet (ES)'!QRB76 -> 0 | QRG76: ='Assessment sheet (ES)'!QRI76 -> 0 | QRH76: ='Assessment sheet (ES)'!QRJ76 -> 0 | QRO76: ='Assessment sheet (ES)'!QRQ76 -> 0 | QRP76: ='Assessment sheet (ES)'!QRR76 -> 0 | QRW76: ='Assessment sheet (ES)'!QRY76 -> 0 | QRX76: ='Assessment sheet (ES)'!QRZ76 -> 0 | QSE76: ='Assessment sheet (ES)'!QSG76 -> 0 | QSF76: ='Assessment sheet (ES)'!QSH76 -> 0 | QSM76: ='Assessment sheet (ES)'!QSO76 -> 0 | QSN76: ='Assessment sheet (ES)'!QSP76 -> 0 | QSU76: ='Assessment sheet (ES)'!QSW76 -> 0 | QSV76: ='Assessment sheet (ES)'!QSX76 -> 0 | QTC76: ='Assessment sheet (ES)'!QTE76 -> 0 | QTD76: ='Assessment sheet (ES)'!QTF76 -> 0 | QTK76: ='Assessment sheet (ES)'!QTM76 -> 0 | QTL76: ='Assessment sheet (ES)'!QTN76 -> 0 | QTS76: ='Assessment sheet (ES)'!QTU76 -> 0 | QTT76: ='Assessment sheet (ES)'!QTV76 -> 0 | QUA76: ='Assessment sheet (ES)'!QUC76 -> 0 | QUB76: ='Assessment sheet (ES)'!QUD76 -> 0 | QUI76: ='Assessment sheet (ES)'!QUK76 -> 0 | QUJ76: ='Assessment sheet (ES)'!QUL76 -> 0 | QUQ76: ='Assessment sheet (ES)'!QUS76 -> 0 | QUR76: ='Assessment sheet (ES)'!QUT76 -> 0 | QUY76: ='Assessment sheet (ES)'!QVA76 -> 0 | QUZ76: ='Assessment sheet (ES)'!QVB76 -> 0 | QVG76: ='Assessment sheet (ES)'!QVI76 -> 0 | QVH76: ='Assessment sheet (ES)'!QVJ76 -> 0 | QVO76: ='Assessment sheet (ES)'!QVQ76 -> 0 | QVP76: ='Assessment sheet (ES)'!QVR76 -> 0 | QVW76: ='Assessment sheet (ES)'!QVY76 -> 0 | QVX76: ='Assessment sheet (ES)'!QVZ76 -> 0 | QWE76: ='Assessment sheet (ES)'!QWG76 -> 0 | QWF76: ='Assessment sheet (ES)'!QWH76 -> 0 | QWM76: ='Assessment sheet (ES)'!QWO76 -> 0 | QWN76: ='Assessment sheet (ES)'!QWP76 -> 0 | QWU76: ='Assessment sheet (ES)'!QWW76 -> 0 | QWV76: ='Assessment sheet (ES)'!QWX76 -> 0 | QXC76: ='Assessment sheet (ES)'!QXE76 -> 0 | QXD76: ='Assessment sheet (ES)'!QXF76 -> 0 | QXK76: ='Assessment sheet (ES)'!QXM76 -> 0 | QXL76: ='Assessment sheet (ES)'!QXN76 -> 0 | QXS76: ='Assessment sheet (ES)'!QXU76 -> 0 | QXT76: ='Assessment sheet (ES)'!QXV76 -> 0 | QYA76: ='Assessment sheet (ES)'!QYC76 -> 0 | QYB76: ='Assessment sheet (ES)'!QYD76 -> 0 | QYI76: ='Assessment sheet (ES)'!QYK76 -> 0 | QYJ76: ='Assessment sheet (ES)'!QYL76 -> 0 | QYQ76: ='Assessment sheet (ES)'!QYS76 -> 0 | QYR76: ='Assessment sheet (ES)'!QYT76 -> 0 | QYY76: ='Assessment sheet (ES)'!QZA76 -> 0 | QYZ76: ='Assessment sheet (ES)'!QZB76 -> 0 | QZG76: ='Assessment sheet (ES)'!QZI76 -> 0 | QZH76: ='Assessment sheet (ES)'!QZJ76 -> 0 | QZO76: ='Assessment sheet (ES)'!QZQ76 -> 0 | QZP76: ='Assessment sheet (ES)'!QZR76 -> 0 | QZW76: ='Assessment sheet (ES)'!QZY76 -> 0 | QZX76: ='Assessment sheet (ES)'!QZZ76 -> 0 | RAE76: ='Assessment sheet (ES)'!RAG76 -> 0 | RAF76: ='Assessment sheet (ES)'!RAH76 -> 0 | RAM76: ='Assessment sheet (ES)'!RAO76 -> 0 | RAN76: ='Assessment sheet (ES)'!RAP76 -> 0 | RAU76: ='Assessment sheet (ES)'!RAW76 -> 0 | RAV76: ='Assessment sheet (ES)'!RAX76 -> 0 | RBC76: ='Assessment sheet (ES)'!RBE76 -> 0 | RBD76: ='Assessment sheet (ES)'!RBF76 -> 0 | RBK76: ='Assessment sheet (ES)'!RBM76 -> 0 | RBL76: ='Assessment sheet (ES)'!RBN76 -> 0 | RBS76: ='Assessment sheet (ES)'!RBU76 -> 0 | RBT76: ='Assessment sheet (ES)'!RBV76 -> 0 | RCA76: ='Assessment sheet (ES)'!RCC76 -> 0 | RCB76: ='Assessment sheet (ES)'!RCD76 -> 0 | RCI76: ='Assessment sheet (ES)'!RCK76 -> 0 | RCJ76: ='Assessment sheet (ES)'!RCL76 -> 0 | RCQ76: ='Assessment sheet (ES)'!RCS76 -> 0 | RCR76: ='Assessment sheet (ES)'!RCT76 -> 0 | RCY76: ='Assessment sheet (ES)'!RDA76 -> 0 | RCZ76: ='Assessment sheet (ES)'!RDB76 -> 0 | RDG76: ='Assessment sheet (ES)'!RDI76 -> 0 | RDH76: ='Assessment sheet (ES)'!RDJ76 -> 0 | RDO76: ='Assessment sheet (ES)'!RDQ76 -> 0 | RDP76: ='Assessment sheet (ES)'!RDR76 -> 0 | RDW76: ='Assessment sheet (ES)'!RDY76 -> 0 | RDX76: ='Assessment sheet (ES)'!RDZ76 -> 0 | REE76: ='Assessment sheet (ES)'!REG76 -> 0 | REF76: ='Assessment sheet (ES)'!REH76 -> 0 | REM76: ='Assessment sheet (ES)'!REO76 -> 0 | REN76: ='Assessment sheet (ES)'!REP76 -> 0 | REU76: ='Assessment sheet (ES)'!REW76 -> 0 | REV76: ='Assessment sheet (ES)'!REX76 -> 0 | RFC76: ='Assessment sheet (ES)'!RFE76 -> 0 | RFD76: ='Assessment sheet (ES)'!RFF76 -> 0 | RFK76: ='Assessment sheet (ES)'!RFM76 -> 0 | RFL76: ='Assessment sheet (ES)'!RFN76 -> 0 | RFS76: ='Assessment sheet (ES)'!RFU76 -> 0 | RFT76: ='Assessment sheet (ES)'!RFV76 -> 0 | RGA76: ='Assessment sheet (ES)'!RGC76 -> 0 | RGB76: ='Assessment sheet (ES)'!RGD76 -> 0 | RGI76: ='Assessment sheet (ES)'!RGK76 -> 0 | RGJ76: ='Assessment sheet (ES)'!RGL76 -> 0 | RGQ76: ='Assessment sheet (ES)'!RGS76 -> 0 | RGR76: ='Assessment sheet (ES)'!RGT76 -> 0 | RGY76: ='Assessment sheet (ES)'!RHA76 -> 0 | RGZ76: ='Assessment sheet (ES)'!RHB76 -> 0 | RHG76: ='Assessment sheet (ES)'!RHI76 -> 0 | RHH76: ='Assessment sheet (ES)'!RHJ76 -> 0 | RHO76: ='Assessment sheet (ES)'!RHQ76 -> 0 | RHP76: ='Assessment sheet (ES)'!RHR76 -> 0 | RHW76: ='Assessment sheet (ES)'!RHY76 -> 0 | RHX76: ='Assessment sheet (ES)'!RHZ76 -> 0 | RIE76: ='Assessment sheet (ES)'!RIG76 -> 0 | RIF76: ='Assessment sheet (ES)'!RIH76 -> 0 | RIM76: ='Assessment sheet (ES)'!RIO76 -> 0 | RIN76: ='Assessment sheet (ES)'!RIP76 -> 0 | RIU76: ='Assessment sheet (ES)'!RIW76 -> 0 | RIV76: ='Assessment sheet (ES)'!RIX76 -> 0 | RJC76: ='Assessment sheet (ES)'!RJE76 -> 0 | RJD76: ='Assessment sheet (ES)'!RJF76 -> 0 | RJK76: ='Assessment sheet (ES)'!RJM76 -> 0 | RJL76: ='Assessment sheet (ES)'!RJN76 -> 0 | RJS76: ='Assessment sheet (ES)'!RJU76 -> 0 | RJT76: ='Assessment sheet (ES)'!RJV76 -> 0 | RKA76: ='Assessment sheet (ES)'!RKC76 -> 0 | RKB76: ='Assessment sheet (ES)'!RKD76 -> 0 | RKI76: ='Assessment sheet (ES)'!RKK76 -> 0 | RKJ76: ='Assessment sheet (ES)'!RKL76 -> 0 | RKQ76: ='Assessment sheet (ES)'!RKS76 -> 0 | RKR76: ='Assessment sheet (ES)'!RKT76 -> 0 | RKY76: ='Assessment sheet (ES)'!RLA76 -> 0 | RKZ76: ='Assessment sheet (ES)'!RLB76 -> 0 | RLG76: ='Assessment sheet (ES)'!RLI76 -> 0 | RLH76: ='Assessment sheet (ES)'!RLJ76 -> 0 | RLO76: ='Assessment sheet (ES)'!RLQ76 -> 0 | RLP76: ='Assessment sheet (ES)'!RLR76 -> 0 | RLW76: ='Assessment sheet (ES)'!RLY76 -> 0 | RLX76: ='Assessment sheet (ES)'!RLZ76 -> 0 | RME76: ='Assessment sheet (ES)'!RMG76 -> 0 | RMF76: ='Assessment sheet (ES)'!RMH76 -> 0 | RMM76: ='Assessment sheet (ES)'!RMO76 -> 0 | RMN76: ='Assessment sheet (ES)'!RMP76 -> 0 | RMU76: ='Assessment sheet (ES)'!RMW76 -> 0 | RMV76: ='Assessment sheet (ES)'!RMX76 -> 0 | RNC76: ='Assessment sheet (ES)'!RNE76 -> 0 | RND76: ='Assessment sheet (ES)'!RNF76 -> 0 | RNK76: ='Assessment sheet (ES)'!RNM76 -> 0 | RNL76: ='Assessment sheet (ES)'!RNN76 -> 0 | RNS76: ='Assessment sheet (ES)'!RNU76 -> 0 | RNT76: ='Assessment sheet (ES)'!RNV76 -> 0 | ROA76: ='Assessment sheet (ES)'!ROC76 -> 0 | ROB76: ='Assessment sheet (ES)'!ROD76 -> 0 | ROI76: ='Assessment sheet (ES)'!ROK76 -> 0 | ROJ76: ='Assessment sheet (ES)'!ROL76 -> 0 | ROQ76: ='Assessment sheet (ES)'!ROS76 -> 0 | ROR76: ='Assessment sheet (ES)'!ROT76 -> 0 | ROY76: ='Assessment sheet (ES)'!RPA76 -> 0 | ROZ76: ='Assessment sheet (ES)'!RPB76 -> 0 | RPG76: ='Assessment sheet (ES)'!RPI76 -> 0 | RPH76: ='Assessment sheet (ES)'!RPJ76 -> 0 | RPO76: ='Assessment sheet (ES)'!RPQ76 -> 0 | RPP76: ='Assessment sheet (ES)'!RPR76 -> 0 | RPW76: ='Assessment sheet (ES)'!RPY76 -> 0 | RPX76: ='Assessment sheet (ES)'!RPZ76 -> 0 | RQE76: ='Assessment sheet (ES)'!RQG76 -> 0 | RQF76: ='Assessment sheet (ES)'!RQH76 -> 0 | RQM76: ='Assessment sheet (ES)'!RQO76 -> 0 | RQN76: ='Assessment sheet (ES)'!RQP76 -> 0 | RQU76: ='Assessment sheet (ES)'!RQW76 -> 0 | RQV76: ='Assessment sheet (ES)'!RQX76 -> 0 | RRC76: ='Assessment sheet (ES)'!RRE76 -> 0 | RRD76: ='Assessment sheet (ES)'!RRF76 -> 0 | RRK76: ='Assessment sheet (ES)'!RRM76 -> 0 | RRL76: ='Assessment sheet (ES)'!RRN76 -> 0 | RRS76: ='Assessment sheet (ES)'!RRU76 -> 0 | RRT76: ='Assessment sheet (ES)'!RRV76 -> 0 | RSA76: ='Assessment sheet (ES)'!RSC76 -> 0 | RSB76: ='Assessment sheet (ES)'!RSD76 -> 0 | RSI76: ='Assessment sheet (ES)'!RSK76 -> 0 | RSJ76: ='Assessment sheet (ES)'!RSL76 -> 0 | RSQ76: ='Assessment sheet (ES)'!RSS76 -> 0 | RSR76: ='Assessment sheet (ES)'!RST76 -> 0 | RSY76: ='Assessment sheet (ES)'!RTA76 -> 0 | RSZ76: ='Assessment sheet (ES)'!RTB76 -> 0 | RTG76: ='Assessment sheet (ES)'!RTI76 -> 0 | RTH76: ='Assessment sheet (ES)'!RTJ76 -> 0 | RTO76: ='Assessment sheet (ES)'!RTQ76 -> 0 | RTP76: ='Assessment sheet (ES)'!RTR76 -> 0 | RTW76: ='Assessment sheet (ES)'!RTY76 -> 0 | RTX76: ='Assessment sheet (ES)'!RTZ76 -> 0 | RUE76: ='Assessment sheet (ES)'!RUG76 -> 0 | RUF76: ='Assessment sheet (ES)'!RUH76 -> 0 | RUM76: ='Assessment sheet (ES)'!RUO76 -> 0 | RUN76: ='Assessment sheet (ES)'!RUP76 -> 0 | RUU76: ='Assessment sheet (ES)'!RUW76 -> 0 | RUV76: ='Assessment sheet (ES)'!RUX76 -> 0 | RVC76: ='Assessment sheet (ES)'!RVE76 -> 0 | RVD76: ='Assessment sheet (ES)'!RVF76 -> 0 | RVK76: ='Assessment sheet (ES)'!RVM76 -> 0 | RVL76: ='Assessment sheet (ES)'!RVN76 -> 0 | RVS76: ='Assessment sheet (ES)'!RVU76 -> 0 | RVT76: ='Assessment sheet (ES)'!RVV76 -> 0 | RWA76: ='Assessment sheet (ES)'!RWC76 -> 0 | RWB76: ='Assessment sheet (ES)'!RWD76 -> 0 | RWI76: ='Assessment sheet (ES)'!RWK76 -> 0 | RWJ76: ='Assessment sheet (ES)'!RWL76 -> 0 | RWQ76: ='Assessment sheet (ES)'!RWS76 -> 0 | RWR76: ='Assessment sheet (ES)'!RWT76 -> 0 | RWY76: ='Assessment sheet (ES)'!RXA76 -> 0 | RWZ76: ='Assessment sheet (ES)'!RXB76 -> 0 | RXG76: ='Assessment sheet (ES)'!RXI76 -> 0 | RXH76: ='Assessment sheet (ES)'!RXJ76 -> 0 | RXO76: ='Assessment sheet (ES)'!RXQ76 -> 0 | RXP76: ='Assessment sheet (ES)'!RXR76 -> 0 | RXW76: ='Assessment sheet (ES)'!RXY76 -> 0 | RXX76: ='Assessment sheet (ES)'!RXZ76 -> 0 | RYE76: ='Assessment sheet (ES)'!RYG76 -> 0 | RYF76: ='Assessment sheet (ES)'!RYH76 -> 0 | RYM76: ='Assessment sheet (ES)'!RYO76 -> 0 | RYN76: ='Assessment sheet (ES)'!RYP76 -> 0 | RYU76: ='Assessment sheet (ES)'!RYW76 -> 0 | RYV76: ='Assessment sheet (ES)'!RYX76 -> 0 | RZC76: ='Assessment sheet (ES)'!RZE76 -> 0 | RZD76: ='Assessment sheet (ES)'!RZF76 -> 0 | RZK76: ='Assessment sheet (ES)'!RZM76 -> 0 | RZL76: ='Assessment sheet (ES)'!RZN76 -> 0 | RZS76: ='Assessment sheet (ES)'!RZU76 -> 0 | RZT76: ='Assessment sheet (ES)'!RZV76 -> 0 | SAA76: ='Assessment sheet (ES)'!SAC76 -> 0 | SAB76: ='Assessment sheet (ES)'!SAD76 -> 0 | SAI76: ='Assessment sheet (ES)'!SAK76 -> 0 | SAJ76: ='Assessment sheet (ES)'!SAL76 -> 0 | SAQ76: ='Assessment sheet (ES)'!SAS76 -> 0 | SAR76: ='Assessment sheet (ES)'!SAT76 -> 0 | SAY76: ='Assessment sheet (ES)'!SBA76 -> 0 | SAZ76: ='Assessment sheet (ES)'!SBB76 -> 0 | SBG76: ='Assessment sheet (ES)'!SBI76 -> 0 | SBH76: ='Assessment sheet (ES)'!SBJ76 -> 0 | SBO76: ='Assessment sheet (ES)'!SBQ76 -> 0 | SBP76: ='Assessment sheet (ES)'!SBR76 -> 0 | SBW76: ='Assessment sheet (ES)'!SBY76 -> 0 | SBX76: ='Assessment sheet (ES)'!SBZ76 -> 0 | SCE76: ='Assessment sheet (ES)'!SCG76 -> 0 | SCF76: ='Assessment sheet (ES)'!SCH76 -> 0 | SCM76: ='Assessment sheet (ES)'!SCO76 -> 0 | SCN76: ='Assessment sheet (ES)'!SCP76 -> 0 | SCU76: ='Assessment sheet (ES)'!SCW76 -> 0 | SCV76: ='Assessment sheet (ES)'!SCX76 -> 0 | SDC76: ='Assessment sheet (ES)'!SDE76 -> 0 | SDD76: ='Assessment sheet (ES)'!SDF76 -> 0 | SDK76: ='Assessment sheet (ES)'!SDM76 -> 0 | SDL76: ='Assessment sheet (ES)'!SDN76 -> 0 | SDS76: ='Assessment sheet (ES)'!SDU76 -> 0 | SDT76: ='Assessment sheet (ES)'!SDV76 -> 0 | SEA76: ='Assessment sheet (ES)'!SEC76 -> 0 | SEB76: ='Assessment sheet (ES)'!SED76 -> 0 | SEI76: ='Assessment sheet (ES)'!SEK76 -> 0 | SEJ76: ='Assessment sheet (ES)'!SEL76 -> 0 | SEQ76: ='Assessment sheet (ES)'!SES76 -> 0 | SER76: ='Assessment sheet (ES)'!SET76 -> 0 | SEY76: ='Assessment sheet (ES)'!SFA76 -> 0 | SEZ76: ='Assessment sheet (ES)'!SFB76 -> 0 | SFG76: ='Assessment sheet (ES)'!SFI76 -> 0 | SFH76: ='Assessment sheet (ES)'!SFJ76 -> 0 | SFO76: ='Assessment sheet (ES)'!SFQ76 -> 0 | SFP76: ='Assessment sheet (ES)'!SFR76 -> 0 | SFW76: ='Assessment sheet (ES)'!SFY76 -> 0 | SFX76: ='Assessment sheet (ES)'!SFZ76 -> 0 | SGE76: ='Assessment sheet (ES)'!SGG76 -> 0 | SGF76: ='Assessment sheet (ES)'!SGH76 -> 0 | SGM76: ='Assessment sheet (ES)'!SGO76 -> 0 | SGN76: ='Assessment sheet (ES)'!SGP76 -> 0 | SGU76: ='Assessment sheet (ES)'!SGW76 -> 0 | SGV76: ='Assessment sheet (ES)'!SGX76 -> 0 | SHC76: ='Assessment sheet (ES)'!SHE76 -> 0 | SHD76: ='Assessment sheet (ES)'!SHF76 -> 0 | SHK76: ='Assessment sheet (ES)'!SHM76 -> 0 | SHL76: ='Assessment sheet (ES)'!SHN76 -> 0 | SHS76: ='Assessment sheet (ES)'!SHU76 -> 0 | SHT76: ='Assessment sheet (ES)'!SHV76 -> 0 | SIA76: ='Assessment sheet (ES)'!SIC76 -> 0 | SIB76: ='Assessment sheet (ES)'!SID76 -> 0 | SII76: ='Assessment sheet (ES)'!SIK76 -> 0 | SIJ76: ='Assessment sheet (ES)'!SIL76 -> 0 | SIQ76: ='Assessment sheet (ES)'!SIS76 -> 0 | SIR76: ='Assessment sheet (ES)'!SIT76 -> 0 | SIY76: ='Assessment sheet (ES)'!SJA76 -> 0 | SIZ76: ='Assessment sheet (ES)'!SJB76 -> 0 | SJG76: ='Assessment sheet (ES)'!SJI76 -> 0 | SJH76: ='Assessment sheet (ES)'!SJJ76 -> 0 | SJO76: ='Assessment sheet (ES)'!SJQ76 -> 0 | SJP76: ='Assessment sheet (ES)'!SJR76 -> 0 | SJW76: ='Assessment sheet (ES)'!SJY76 -> 0 | SJX76: ='Assessment sheet (ES)'!SJZ76 -> 0 | SKE76: ='Assessment sheet (ES)'!SKG76 -> 0 | SKF76: ='Assessment sheet (ES)'!SKH76 -> 0 | SKM76: ='Assessment sheet (ES)'!SKO76 -> 0 | SKN76: ='Assessment sheet (ES)'!SKP76 -> 0 | SKU76: ='Assessment sheet (ES)'!SKW76 -> 0 | SKV76: ='Assessment sheet (ES)'!SKX76 -> 0 | SLC76: ='Assessment sheet (ES)'!SLE76 -> 0 | SLD76: ='Assessment sheet (ES)'!SLF76 -> 0 | SLK76: ='Assessment sheet (ES)'!SLM76 -> 0 | SLL76: ='Assessment sheet (ES)'!SLN76 -> 0 | SLS76: ='Assessment sheet (ES)'!SLU76 -> 0 | SLT76: ='Assessment sheet (ES)'!SLV76 -> 0 | SMA76: ='Assessment sheet (ES)'!SMC76 -> 0 | SMB76: ='Assessment sheet (ES)'!SMD76 -> 0 | SMI76: ='Assessment sheet (ES)'!SMK76 -> 0 | SMJ76: ='Assessment sheet (ES)'!SML76 -> 0 | SMQ76: ='Assessment sheet (ES)'!SMS76 -> 0 | SMR76: ='Assessment sheet (ES)'!SMT76 -> 0 | SMY76: ='Assessment sheet (ES)'!SNA76 -> 0 | SMZ76: ='Assessment sheet (ES)'!SNB76 -> 0 | SNG76: ='Assessment sheet (ES)'!SNI76 -> 0 | SNH76: ='Assessment sheet (ES)'!SNJ76 -> 0 | SNO76: ='Assessment sheet (ES)'!SNQ76 -> 0 | SNP76: ='Assessment sheet (ES)'!SNR76 -> 0 | SNW76: ='Assessment sheet (ES)'!SNY76 -> 0 | SNX76: ='Assessment sheet (ES)'!SNZ76 -> 0 | SOE76: ='Assessment sheet (ES)'!SOG76 -> 0 | SOF76: ='Assessment sheet (ES)'!SOH76 -> 0 | SOM76: ='Assessment sheet (ES)'!SOO76 -> 0 | SON76: ='Assessment sheet (ES)'!SOP76 -> 0 | SOU76: ='Assessment sheet (ES)'!SOW76 -> 0 | SOV76: ='Assessment sheet (ES)'!SOX76 -> 0 | SPC76: ='Assessment sheet (ES)'!SPE76 -> 0 | SPD76: ='Assessment sheet (ES)'!SPF76 -> 0 | SPK76: ='Assessment sheet (ES)'!SPM76 -> 0 | SPL76: ='Assessment sheet (ES)'!SPN76 -> 0 | SPS76: ='Assessment sheet (ES)'!SPU76 -> 0 | SPT76: ='Assessment sheet (ES)'!SPV76 -> 0 | SQA76: ='Assessment sheet (ES)'!SQC76 -> 0 | SQB76: ='Assessment sheet (ES)'!SQD76 -> 0 | SQI76: ='Assessment sheet (ES)'!SQK76 -> 0 | SQJ76: ='Assessment sheet (ES)'!SQL76 -> 0 | SQQ76: ='Assessment sheet (ES)'!SQS76 -> 0 | SQR76: ='Assessment sheet (ES)'!SQT76 -> 0 | SQY76: ='Assessment sheet (ES)'!SRA76 -> 0 | SQZ76: ='Assessment sheet (ES)'!SRB76 -> 0 | SRG76: ='Assessment sheet (ES)'!SRI76 -> 0 | SRH76: ='Assessment sheet (ES)'!SRJ76 -> 0 | SRO76: ='Assessment sheet (ES)'!SRQ76 -> 0 | SRP76: ='Assessment sheet (ES)'!SRR76 -> 0 | SRW76: ='Assessment sheet (ES)'!SRY76 -> 0 | SRX76: ='Assessment sheet (ES)'!SRZ76 -> 0 | SSE76: ='Assessment sheet (ES)'!SSG76 -> 0 | SSF76: ='Assessment sheet (ES)'!SSH76 -> 0 | SSM76: ='Assessment sheet (ES)'!SSO76 -> 0 | SSN76: ='Assessment sheet (ES)'!SSP76 -> 0 | SSU76: ='Assessment sheet (ES)'!SSW76 -> 0 | SSV76: ='Assessment sheet (ES)'!SSX76 -> 0 | STC76: ='Assessment sheet (ES)'!STE76 -> 0 | STD76: ='Assessment sheet (ES)'!STF76 -> 0 | STK76: ='Assessment sheet (ES)'!STM76 -> 0 | STL76: ='Assessment sheet (ES)'!STN76 -> 0 | STS76: ='Assessment sheet (ES)'!STU76 -> 0 | STT76: ='Assessment sheet (ES)'!STV76 -> 0 | SUA76: ='Assessment sheet (ES)'!SUC76 -> 0 | SUB76: ='Assessment sheet (ES)'!SUD76 -> 0 | SUI76: ='Assessment sheet (ES)'!SUK76 -> 0 | SUJ76: ='Assessment sheet (ES)'!SUL76 -> 0 | SUQ76: ='Assessment sheet (ES)'!SUS76 -> 0 | SUR76: ='Assessment sheet (ES)'!SUT76 -> 0 | SUY76: ='Assessment sheet (ES)'!SVA76 -> 0 | SUZ76: ='Assessment sheet (ES)'!SVB76 -> 0 | SVG76: ='Assessment sheet (ES)'!SVI76 -> 0 | SVH76: ='Assessment sheet (ES)'!SVJ76 -> 0 | SVO76: ='Assessment sheet (ES)'!SVQ76 -> 0 | SVP76: ='Assessment sheet (ES)'!SVR76 -> 0 | SVW76: ='Assessment sheet (ES)'!SVY76 -> 0 | SVX76: ='Assessment sheet (ES)'!SVZ76 -> 0 | SWE76: ='Assessment sheet (ES)'!SWG76 -> 0 | SWF76: ='Assessment sheet (ES)'!SWH76 -> 0 | SWM76: ='Assessment sheet (ES)'!SWO76 -> 0 | SWN76: ='Assessment sheet (ES)'!SWP76 -> 0 | SWU76: ='Assessment sheet (ES)'!SWW76 -> 0 | SWV76: ='Assessment sheet (ES)'!SWX76 -> 0 | SXC76: ='Assessment sheet (ES)'!SXE76 -> 0 | SXD76: ='Assessment sheet (ES)'!SXF76 -> 0 | SXK76: ='Assessment sheet (ES)'!SXM76 -> 0 | SXL76: ='Assessment sheet (ES)'!SXN76 -> 0 | SXS76: ='Assessment sheet (ES)'!SXU76 -> 0 | SXT76: ='Assessment sheet (ES)'!SXV76 -> 0 | SYA76: ='Assessment sheet (ES)'!SYC76 -> 0 | SYB76: ='Assessment sheet (ES)'!SYD76 -> 0 | SYI76: ='Assessment sheet (ES)'!SYK76 -> 0 | SYJ76: ='Assessment sheet (ES)'!SYL76 -> 0 | SYQ76: ='Assessment sheet (ES)'!SYS76 -> 0 | SYR76: ='Assessment sheet (ES)'!SYT76 -> 0 | SYY76: ='Assessment sheet (ES)'!SZA76 -> 0 | SYZ76: ='Assessment sheet (ES)'!SZB76 -> 0 | SZG76: ='Assessment sheet (ES)'!SZI76 -> 0 | SZH76: ='Assessment sheet (ES)'!SZJ76 -> 0 | SZO76: ='Assessment sheet (ES)'!SZQ76 -> 0 | SZP76: ='Assessment sheet (ES)'!SZR76 -> 0 | SZW76: ='Assessment sheet (ES)'!SZY76 -> 0 | SZX76: ='Assessment sheet (ES)'!SZZ76 -> 0 | TAE76: ='Assessment sheet (ES)'!TAG76 -> 0 | TAF76: ='Assessment sheet (ES)'!TAH76 -> 0 | TAM76: ='Assessment sheet (ES)'!TAO76 -> 0 | TAN76: ='Assessment sheet (ES)'!TAP76 -> 0 | TAU76: ='Assessment sheet (ES)'!TAW76 -> 0 | TAV76: ='Assessment sheet (ES)'!TAX76 -> 0 | TBC76: ='Assessment sheet (ES)'!TBE76 -> 0 | TBD76: ='Assessment sheet (ES)'!TBF76 -> 0 | TBK76: ='Assessment sheet (ES)'!TBM76 -> 0 | TBL76: ='Assessment sheet (ES)'!TBN76 -> 0 | TBS76: ='Assessment sheet (ES)'!TBU76 -> 0 | TBT76: ='Assessment sheet (ES)'!TBV76 -> 0 | TCA76: ='Assessment sheet (ES)'!TCC76 -> 0 | TCB76: ='Assessment sheet (ES)'!TCD76 -> 0 | TCI76: ='Assessment sheet (ES)'!TCK76 -> 0 | TCJ76: ='Assessment sheet (ES)'!TCL76 -> 0 | TCQ76: ='Assessment sheet (ES)'!TCS76 -> 0 | TCR76: ='Assessment sheet (ES)'!TCT76 -> 0 | TCY76: ='Assessment sheet (ES)'!TDA76 -> 0 | TCZ76: ='Assessment sheet (ES)'!TDB76 -> 0 | TDG76: ='Assessment sheet (ES)'!TDI76 -> 0 | TDH76: ='Assessment sheet (ES)'!TDJ76 -> 0 | TDO76: ='Assessment sheet (ES)'!TDQ76 -> 0 | TDP76: ='Assessment sheet (ES)'!TDR76 -> 0 | TDW76: ='Assessment sheet (ES)'!TDY76 -> 0 | TDX76: ='Assessment sheet (ES)'!TDZ76 -> 0 | TEE76: ='Assessment sheet (ES)'!TEG76 -> 0 | TEF76: ='Assessment sheet (ES)'!TEH76 -> 0 | TEM76: ='Assessment sheet (ES)'!TEO76 -> 0 | TEN76: ='Assessment sheet (ES)'!TEP76 -> 0 | TEU76: ='Assessment sheet (ES)'!TEW76 -> 0 | TEV76: ='Assessment sheet (ES)'!TEX76 -> 0 | TFC76: ='Assessment sheet (ES)'!TFE76 -> 0 | TFD76: ='Assessment sheet (ES)'!TFF76 -> 0 | TFK76: ='Assessment sheet (ES)'!TFM76 -> 0 | TFL76: ='Assessment sheet (ES)'!TFN76 -> 0 | TFS76: ='Assessment sheet (ES)'!TFU76 -> 0 | TFT76: ='Assessment sheet (ES)'!TFV76 -> 0 | TGA76: ='Assessment sheet (ES)'!TGC76 -> 0 | TGB76: ='Assessment sheet (ES)'!TGD76 -> 0 | TGI76: ='Assessment sheet (ES)'!TGK76 -> 0 | TGJ76: ='Assessment sheet (ES)'!TGL76 -> 0 | TGQ76: ='Assessment sheet (ES)'!TGS76 -> 0 | TGR76: ='Assessment sheet (ES)'!TGT76 -> 0 | TGY76: ='Assessment sheet (ES)'!THA76 -> 0 | TGZ76: ='Assessment sheet (ES)'!THB76 -> 0 | THG76: ='Assessment sheet (ES)'!THI76 -> 0 | THH76: ='Assessment sheet (ES)'!THJ76 -> 0 | THO76: ='Assessment sheet (ES)'!THQ76 -> 0 | THP76: ='Assessment sheet (ES)'!THR76 -> 0 | THW76: ='Assessment sheet (ES)'!THY76 -> 0 | THX76: ='Assessment sheet (ES)'!THZ76 -> 0 | TIE76: ='Assessment sheet (ES)'!TIG76 -> 0 | TIF76: ='Assessment sheet (ES)'!TIH76 -> 0 | TIM76: ='Assessment sheet (ES)'!TIO76 -> 0 | TIN76: ='Assessment sheet (ES)'!TIP76 -> 0 | TIU76: ='Assessment sheet (ES)'!TIW76 -> 0 | TIV76: ='Assessment sheet (ES)'!TIX76 -> 0 | TJC76: ='Assessment sheet (ES)'!TJE76 -> 0 | TJD76: ='Assessment sheet (ES)'!TJF76 -> 0 | TJK76: ='Assessment sheet (ES)'!TJM76 -> 0 | TJL76: ='Assessment sheet (ES)'!TJN76 -> 0 | TJS76: ='Assessment sheet (ES)'!TJU76 -> 0 | TJT76: ='Assessment sheet (ES)'!TJV76 -> 0 | TKA76: ='Assessment sheet (ES)'!TKC76 -> 0 | TKB76: ='Assessment sheet (ES)'!TKD76 -> 0 | TKI76: ='Assessment sheet (ES)'!TKK76 -> 0 | TKJ76: ='Assessment sheet (ES)'!TKL76 -> 0 | TKQ76: ='Assessment sheet (ES)'!TKS76 -> 0 | TKR76: ='Assessment sheet (ES)'!TKT76 -> 0 | TKY76: ='Assessment sheet (ES)'!TLA76 -> 0 | TKZ76: ='Assessment sheet (ES)'!TLB76 -> 0 | TLG76: ='Assessment sheet (ES)'!TLI76 -> 0 | TLH76: ='Assessment sheet (ES)'!TLJ76 -> 0 | TLO76: ='Assessment sheet (ES)'!TLQ76 -> 0 | TLP76: ='Assessment sheet (ES)'!TLR76 -> 0 | TLW76: ='Assessment sheet (ES)'!TLY76 -> 0 | TLX76: ='Assessment sheet (ES)'!TLZ76 -> 0 | TME76: ='Assessment sheet (ES)'!TMG76 -> 0 | TMF76: ='Assessment sheet (ES)'!TMH76 -> 0 | TMM76: ='Assessment sheet (ES)'!TMO76 -> 0 | TMN76: ='Assessment sheet (ES)'!TMP76 -> 0 | TMU76: ='Assessment sheet (ES)'!TMW76 -> 0 | TMV76: ='Assessment sheet (ES)'!TMX76 -> 0 | TNC76: ='Assessment sheet (ES)'!TNE76 -> 0 | TND76: ='Assessment sheet (ES)'!TNF76 -> 0 | TNK76: ='Assessment sheet (ES)'!TNM76 -> 0 | TNL76: ='Assessment sheet (ES)'!TNN76 -> 0 | TNS76: ='Assessment sheet (ES)'!TNU76 -> 0 | TNT76: ='Assessment sheet (ES)'!TNV76 -> 0 | TOA76: ='Assessment sheet (ES)'!TOC76 -> 0 | TOB76: ='Assessment sheet (ES)'!TOD76 -> 0 | TOI76: ='Assessment sheet (ES)'!TOK76 -> 0 | TOJ76: ='Assessment sheet (ES)'!TOL76 -> 0 | TOQ76: ='Assessment sheet (ES)'!TOS76 -> 0 | TOR76: ='Assessment sheet (ES)'!TOT76 -> 0 | TOY76: ='Assessment sheet (ES)'!TPA76 -> 0 | TOZ76: ='Assessment sheet (ES)'!TPB76 -> 0 | TPG76: ='Assessment sheet (ES)'!TPI76 -> 0 | TPH76: ='Assessment sheet (ES)'!TPJ76 -> 0 | TPO76: ='Assessment sheet (ES)'!TPQ76 -> 0 | TPP76: ='Assessment sheet (ES)'!TPR76 -> 0 | TPW76: ='Assessment sheet (ES)'!TPY76 -> 0 | TPX76: ='Assessment sheet (ES)'!TPZ76 -> 0 | TQE76: ='Assessment sheet (ES)'!TQG76 -> 0 | TQF76: ='Assessment sheet (ES)'!TQH76 -> 0 | TQM76: ='Assessment sheet (ES)'!TQO76 -> 0 | TQN76: ='Assessment sheet (ES)'!TQP76 -> 0 | TQU76: ='Assessment sheet (ES)'!TQW76 -> 0 | TQV76: ='Assessment sheet (ES)'!TQX76 -> 0 | TRC76: ='Assessment sheet (ES)'!TRE76 -> 0 | TRD76: ='Assessment sheet (ES)'!TRF76 -> 0 | TRK76: ='Assessment sheet (ES)'!TRM76 -> 0 | TRL76: ='Assessment sheet (ES)'!TRN76 -> 0 | TRS76: ='Assessment sheet (ES)'!TRU76 -> 0 | TRT76: ='Assessment sheet (ES)'!TRV76 -> 0 | TSA76: ='Assessment sheet (ES)'!TSC76 -> 0 | TSB76: ='Assessment sheet (ES)'!TSD76 -> 0 | TSI76: ='Assessment sheet (ES)'!TSK76 -> 0 | TSJ76: ='Assessment sheet (ES)'!TSL76 -> 0 | TSQ76: ='Assessment sheet (ES)'!TSS76 -> 0 | TSR76: ='Assessment sheet (ES)'!TST76 -> 0 | TSY76: ='Assessment sheet (ES)'!TTA76 -> 0 | TSZ76: ='Assessment sheet (ES)'!TTB76 -> 0 | TTG76: ='Assessment sheet (ES)'!TTI76 -> 0 | TTH76: ='Assessment sheet (ES)'!TTJ76 -> 0 | TTO76: ='Assessment sheet (ES)'!TTQ76 -> 0 | TTP76: ='Assessment sheet (ES)'!TTR76 -> 0 | TTW76: ='Assessment sheet (ES)'!TTY76 -> 0 | TTX76: ='Assessment sheet (ES)'!TTZ76 -> 0 | TUE76: ='Assessment sheet (ES)'!TUG76 -> 0 | TUF76: ='Assessment sheet (ES)'!TUH76 -> 0 | TUM76: ='Assessment sheet (ES)'!TUO76 -> 0 | TUN76: ='Assessment sheet (ES)'!TUP76 -> 0 | TUU76: ='Assessment sheet (ES)'!TUW76 -> 0 | TUV76: ='Assessment sheet (ES)'!TUX76 -> 0 | TVC76: ='Assessment sheet (ES)'!TVE76 -> 0 | TVD76: ='Assessment sheet (ES)'!TVF76 -> 0 | TVK76: ='Assessment sheet (ES)'!TVM76 -> 0 | TVL76: ='Assessment sheet (ES)'!TVN76 -> 0 | TVS76: ='Assessment sheet (ES)'!TVU76 -> 0 | TVT76: ='Assessment sheet (ES)'!TVV76 -> 0 | TWA76: ='Assessment sheet (ES)'!TWC76 -> 0 | TWB76: ='Assessment sheet (ES)'!TWD76 -> 0 | TWI76: ='Assessment sheet (ES)'!TWK76 -> 0 | TWJ76: ='Assessment sheet (ES)'!TWL76 -> 0 | TWQ76: ='Assessment sheet (ES)'!TWS76 -> 0 | TWR76: ='Assessment sheet (ES)'!TWT76 -> 0 | TWY76: ='Assessment sheet (ES)'!TXA76 -> 0 | TWZ76: ='Assessment sheet (ES)'!TXB76 -> 0 | TXG76: ='Assessment sheet (ES)'!TXI76 -> 0 | TXH76: ='Assessment sheet (ES)'!TXJ76 -> 0 | TXO76: ='Assessment sheet (ES)'!TXQ76 -> 0 | TXP76: ='Assessment sheet (ES)'!TXR76 -> 0 | TXW76: ='Assessment sheet (ES)'!TXY76 -> 0 | TXX76: ='Assessment sheet (ES)'!TXZ76 -> 0 | TYE76: ='Assessment sheet (ES)'!TYG76 -> 0 | TYF76: ='Assessment sheet (ES)'!TYH76 -> 0 | TYM76: ='Assessment sheet (ES)'!TYO76 -> 0 | TYN76: ='Assessment sheet (ES)'!TYP76 -> 0 | TYU76: ='Assessment sheet (ES)'!TYW76 -> 0 | TYV76: ='Assessment sheet (ES)'!TYX76 -> 0 | TZC76: ='Assessment sheet (ES)'!TZE76 -> 0 | TZD76: ='Assessment sheet (ES)'!TZF76 -> 0 | TZK76: ='Assessment sheet (ES)'!TZM76 -> 0 | TZL76: ='Assessment sheet (ES)'!TZN76 -> 0 | TZS76: ='Assessment sheet (ES)'!TZU76 -> 0 | TZT76: ='Assessment sheet (ES)'!TZV76 -> 0 | UAA76: ='Assessment sheet (ES)'!UAC76 -> 0 | UAB76: ='Assessment sheet (ES)'!UAD76 -> 0 | UAI76: ='Assessment sheet (ES)'!UAK76 -> 0 | UAJ76: ='Assessment sheet (ES)'!UAL76 -> 0 | UAQ76: ='Assessment sheet (ES)'!UAS76 -> 0 | UAR76: ='Assessment sheet (ES)'!UAT76 -> 0 | UAY76: ='Assessment sheet (ES)'!UBA76 -> 0 | UAZ76: ='Assessment sheet (ES)'!UBB76 -> 0 | UBG76: ='Assessment sheet (ES)'!UBI76 -> 0 | UBH76: ='Assessment sheet (ES)'!UBJ76 -> 0 | UBO76: ='Assessment sheet (ES)'!UBQ76 -> 0 | UBP76: ='Assessment sheet (ES)'!UBR76 -> 0 | UBW76: ='Assessment sheet (ES)'!UBY76 -> 0 | UBX76: ='Assessment sheet (ES)'!UBZ76 -> 0 | UCE76: ='Assessment sheet (ES)'!UCG76 -> 0 | UCF76: ='Assessment sheet (ES)'!UCH76 -> 0 | UCM76: ='Assessment sheet (ES)'!UCO76 -> 0 | UCN76: ='Assessment sheet (ES)'!UCP76 -> 0 | UCU76: ='Assessment sheet (ES)'!UCW76 -> 0 | UCV76: ='Assessment sheet (ES)'!UCX76 -> 0 | UDC76: ='Assessment sheet (ES)'!UDE76 -> 0 | UDD76: ='Assessment sheet (ES)'!UDF76 -> 0 | UDK76: ='Assessment sheet (ES)'!UDM76 -> 0 | UDL76: ='Assessment sheet (ES)'!UDN76 -> 0 | UDS76: ='Assessment sheet (ES)'!UDU76 -> 0 | UDT76: ='Assessment sheet (ES)'!UDV76 -> 0 | UEA76: ='Assessment sheet (ES)'!UEC76 -> 0 | UEB76: ='Assessment sheet (ES)'!UED76 -> 0 | UEI76: ='Assessment sheet (ES)'!UEK76 -> 0 | UEJ76: ='Assessment sheet (ES)'!UEL76 -> 0 | UEQ76: ='Assessment sheet (ES)'!UES76 -> 0 | UER76: ='Assessment sheet (ES)'!UET76 -> 0 | UEY76: ='Assessment sheet (ES)'!UFA76 -> 0 | UEZ76: ='Assessment sheet (ES)'!UFB76 -> 0 | UFG76: ='Assessment sheet (ES)'!UFI76 -> 0 | UFH76: ='Assessment sheet (ES)'!UFJ76 -> 0 | UFO76: ='Assessment sheet (ES)'!UFQ76 -> 0 | UFP76: ='Assessment sheet (ES)'!UFR76 -> 0 | UFW76: ='Assessment sheet (ES)'!UFY76 -> 0 | UFX76: ='Assessment sheet (ES)'!UFZ76 -> 0 | UGE76: ='Assessment sheet (ES)'!UGG76 -> 0 | UGF76: ='Assessment sheet (ES)'!UGH76 -> 0 | UGM76: ='Assessment sheet (ES)'!UGO76 -> 0 | UGN76: ='Assessment sheet (ES)'!UGP76 -> 0 | UGU76: ='Assessment sheet (ES)'!UGW76 -> 0 | UGV76: ='Assessment sheet (ES)'!UGX76 -> 0 | UHC76: ='Assessment sheet (ES)'!UHE76 -> 0 | UHD76: ='Assessment sheet (ES)'!UHF76 -> 0 | UHK76: ='Assessment sheet (ES)'!UHM76 -> 0 | UHL76: ='Assessment sheet (ES)'!UHN76 -> 0 | UHS76: ='Assessment sheet (ES)'!UHU76 -> 0 | UHT76: ='Assessment sheet (ES)'!UHV76 -> 0 | UIA76: ='Assessment sheet (ES)'!UIC76 -> 0 | UIB76: ='Assessment sheet (ES)'!UID76 -> 0 | UII76: ='Assessment sheet (ES)'!UIK76 -> 0 | UIJ76: ='Assessment sheet (ES)'!UIL76 -> 0 | UIQ76: ='Assessment sheet (ES)'!UIS76 -> 0 | UIR76: ='Assessment sheet (ES)'!UIT76 -> 0 | UIY76: ='Assessment sheet (ES)'!UJA76 -> 0 | UIZ76: ='Assessment sheet (ES)'!UJB76 -> 0 | UJG76: ='Assessment sheet (ES)'!UJI76 -> 0 | UJH76: ='Assessment sheet (ES)'!UJJ76 -> 0 | UJO76: ='Assessment sheet (ES)'!UJQ76 -> 0 | UJP76: ='Assessment sheet (ES)'!UJR76 -> 0 | UJW76: ='Assessment sheet (ES)'!UJY76 -> 0 | UJX76: ='Assessment sheet (ES)'!UJZ76 -> 0 | UKE76: ='Assessment sheet (ES)'!UKG76 -> 0 | UKF76: ='Assessment sheet (ES)'!UKH76 -> 0 | UKM76: ='Assessment sheet (ES)'!UKO76 -> 0 | UKN76: ='Assessment sheet (ES)'!UKP76 -> 0 | UKU76: ='Assessment sheet (ES)'!UKW76 -> 0 | UKV76: ='Assessment sheet (ES)'!UKX76 -> 0 | ULC76: ='Assessment sheet (ES)'!ULE76 -> 0 | ULD76: ='Assessment sheet (ES)'!ULF76 -> 0 | ULK76: ='Assessment sheet (ES)'!ULM76 -> 0 | ULL76: ='Assessment sheet (ES)'!ULN76 -> 0 | ULS76: ='Assessment sheet (ES)'!ULU76 -> 0 | ULT76: ='Assessment sheet (ES)'!ULV76 -> 0 | UMA76: ='Assessment sheet (ES)'!UMC76 -> 0 | UMB76: ='Assessment sheet (ES)'!UMD76 -> 0 | UMI76: ='Assessment sheet (ES)'!UMK76 -> 0 | UMJ76: ='Assessment sheet (ES)'!UML76 -> 0 | UMQ76: ='Assessment sheet (ES)'!UMS76 -> 0 | UMR76: ='Assessment sheet (ES)'!UMT76 -> 0 | UMY76: ='Assessment sheet (ES)'!UNA76 -> 0 | UMZ76: ='Assessment sheet (ES)'!UNB76 -> 0 | UNG76: ='Assessment sheet (ES)'!UNI76 -> 0 | UNH76: ='Assessment sheet (ES)'!UNJ76 -> 0 | UNO76: ='Assessment sheet (ES)'!UNQ76 -> 0 | UNP76: ='Assessment sheet (ES)'!UNR76 -> 0 | UNW76: ='Assessment sheet (ES)'!UNY76 -> 0 | UNX76: ='Assessment sheet (ES)'!UNZ76 -> 0 | UOE76: ='Assessment sheet (ES)'!UOG76 -> 0 | UOF76: ='Assessment sheet (ES)'!UOH76 -> 0 | UOM76: ='Assessment sheet (ES)'!UOO76 -> 0 | UON76: ='Assessment sheet (ES)'!UOP76 -> 0 | UOU76: ='Assessment sheet (ES)'!UOW76 -> 0 | UOV76: ='Assessment sheet (ES)'!UOX76 -> 0 | UPC76: ='Assessment sheet (ES)'!UPE76 -> 0 | UPD76: ='Assessment sheet (ES)'!UPF76 -> 0 | UPK76: ='Assessment sheet (ES)'!UPM76 -> 0 | UPL76: ='Assessment sheet (ES)'!UPN76 -> 0 | UPS76: ='Assessment sheet (ES)'!UPU76 -> 0 | UPT76: ='Assessment sheet (ES)'!UPV76 -> 0 | UQA76: ='Assessment sheet (ES)'!UQC76 -> 0 | UQB76: ='Assessment sheet (ES)'!UQD76 -> 0 | UQI76: ='Assessment sheet (ES)'!UQK76 -> 0 | UQJ76: ='Assessment sheet (ES)'!UQL76 -> 0 | UQQ76: ='Assessment sheet (ES)'!UQS76 -> 0 | UQR76: ='Assessment sheet (ES)'!UQT76 -> 0 | UQY76: ='Assessment sheet (ES)'!URA76 -> 0 | UQZ76: ='Assessment sheet (ES)'!URB76 -> 0 | URG76: ='Assessment sheet (ES)'!URI76 -> 0 | URH76: ='Assessment sheet (ES)'!URJ76 -> 0 | URO76: ='Assessment sheet (ES)'!URQ76 -> 0 | URP76: ='Assessment sheet (ES)'!URR76 -> 0 | URW76: ='Assessment sheet (ES)'!URY76 -> 0 | URX76: ='Assessment sheet (ES)'!URZ76 -> 0 | USE76: ='Assessment sheet (ES)'!USG76 -> 0 | USF76: ='Assessment sheet (ES)'!USH76 -> 0 | USM76: ='Assessment sheet (ES)'!USO76 -> 0 | USN76: ='Assessment sheet (ES)'!USP76 -> 0 | USU76: ='Assessment sheet (ES)'!USW76 -> 0 | USV76: ='Assessment sheet (ES)'!USX76 -> 0 | UTC76: ='Assessment sheet (ES)'!UTE76 -> 0 | UTD76: ='Assessment sheet (ES)'!UTF76 -> 0 | UTK76: ='Assessment sheet (ES)'!UTM76 -> 0 | UTL76: ='Assessment sheet (ES)'!UTN76 -> 0 | UTS76: ='Assessment sheet (ES)'!UTU76 -> 0 | UTT76: ='Assessment sheet (ES)'!UTV76 -> 0 | UUA76: ='Assessment sheet (ES)'!UUC76 -> 0 | UUB76: ='Assessment sheet (ES)'!UUD76 -> 0 | UUI76: ='Assessment sheet (ES)'!UUK76 -> 0 | UUJ76: ='Assessment sheet (ES)'!UUL76 -> 0 | UUQ76: ='Assessment sheet (ES)'!UUS76 -> 0 | UUR76: ='Assessment sheet (ES)'!UUT76 -> 0 | UUY76: ='Assessment sheet (ES)'!UVA76 -> 0 | UUZ76: ='Assessment sheet (ES)'!UVB76 -> 0 | UVG76: ='Assessment sheet (ES)'!UVI76 -> 0 | UVH76: ='Assessment sheet (ES)'!UVJ76 -> 0 | UVO76: ='Assessment sheet (ES)'!UVQ76 -> 0 | UVP76: ='Assessment sheet (ES)'!UVR76 -> 0 | UVW76: ='Assessment sheet (ES)'!UVY76 -> 0 | UVX76: ='Assessment sheet (ES)'!UVZ76 -> 0 | UWE76: ='Assessment sheet (ES)'!UWG76 -> 0 | UWF76: ='Assessment sheet (ES)'!UWH76 -> 0 | UWM76: ='Assessment sheet (ES)'!UWO76 -> 0 | UWN76: ='Assessment sheet (ES)'!UWP76 -> 0 | UWU76: ='Assessment sheet (ES)'!UWW76 -> 0 | UWV76: ='Assessment sheet (ES)'!UWX76 -> 0 | UXC76: ='Assessment sheet (ES)'!UXE76 -> 0 | UXD76: ='Assessment sheet (ES)'!UXF76 -> 0 | UXK76: ='Assessment sheet (ES)'!UXM76 -> 0 | UXL76: ='Assessment sheet (ES)'!UXN76 -> 0 | UXS76: ='Assessment sheet (ES)'!UXU76 -> 0 | UXT76: ='Assessment sheet (ES)'!UXV76 -> 0 | UYA76: ='Assessment sheet (ES)'!UYC76 -> 0 | UYB76: ='Assessment sheet (ES)'!UYD76 -> 0 | UYI76: ='Assessment sheet (ES)'!UYK76 -> 0 | UYJ76: ='Assessment sheet (ES)'!UYL76 -> 0 | UYQ76: ='Assessment sheet (ES)'!UYS76 -> 0 | UYR76: ='Assessment sheet (ES)'!UYT76 -> 0 | UYY76: ='Assessment sheet (ES)'!UZA76 -> 0 | UYZ76: ='Assessment sheet (ES)'!UZB76 -> 0 | UZG76: ='Assessment sheet (ES)'!UZI76 -> 0 | UZH76: ='Assessment sheet (ES)'!UZJ76 -> 0 | UZO76: ='Assessment sheet (ES)'!UZQ76 -> 0 | UZP76: ='Assessment sheet (ES)'!UZR76 -> 0 | UZW76: ='Assessment sheet (ES)'!UZY76 -> 0 | UZX76: ='Assessment sheet (ES)'!UZZ76 -> 0 | VAE76: ='Assessment sheet (ES)'!VAG76 -> 0 | VAF76: ='Assessment sheet (ES)'!VAH76 -> 0 | VAM76: ='Assessment sheet (ES)'!VAO76 -> 0 | VAN76: ='Assessment sheet (ES)'!VAP76 -> 0 | VAU76: ='Assessment sheet (ES)'!VAW76 -> 0 | VAV76: ='Assessment sheet (ES)'!VAX76 -> 0 | VBC76: ='Assessment sheet (ES)'!VBE76 -> 0 | VBD76: ='Assessment sheet (ES)'!VBF76 -> 0 | VBK76: ='Assessment sheet (ES)'!VBM76 -> 0 | VBL76: ='Assessment sheet (ES)'!VBN76 -> 0 | VBS76: ='Assessment sheet (ES)'!VBU76 -> 0 | VBT76: ='Assessment sheet (ES)'!VBV76 -> 0 | VCA76: ='Assessment sheet (ES)'!VCC76 -> 0 | VCB76: ='Assessment sheet (ES)'!VCD76 -> 0 | VCI76: ='Assessment sheet (ES)'!VCK76 -> 0 | VCJ76: ='Assessment sheet (ES)'!VCL76 -> 0 | VCQ76: ='Assessment sheet (ES)'!VCS76 -> 0 | VCR76: ='Assessment sheet (ES)'!VCT76 -> 0 | VCY76: ='Assessment sheet (ES)'!VDA76 -> 0 | VCZ76: ='Assessment sheet (ES)'!VDB76 -> 0 | VDG76: ='Assessment sheet (ES)'!VDI76 -> 0 | VDH76: ='Assessment sheet (ES)'!VDJ76 -> 0 | VDO76: ='Assessment sheet (ES)'!VDQ76 -> 0 | VDP76: ='Assessment sheet (ES)'!VDR76 -> 0 | VDW76: ='Assessment sheet (ES)'!VDY76 -> 0 | VDX76: ='Assessment sheet (ES)'!VDZ76 -> 0 | VEE76: ='Assessment sheet (ES)'!VEG76 -> 0 | VEF76: ='Assessment sheet (ES)'!VEH76 -> 0 | VEM76: ='Assessment sheet (ES)'!VEO76 -> 0 | VEN76: ='Assessment sheet (ES)'!VEP76 -> 0 | VEU76: ='Assessment sheet (ES)'!VEW76 -> 0 | VEV76: ='Assessment sheet (ES)'!VEX76 -> 0 | VFC76: ='Assessment sheet (ES)'!VFE76 -> 0 | VFD76: ='Assessment sheet (ES)'!VFF76 -> 0 | VFK76: ='Assessment sheet (ES)'!VFM76 -> 0 | VFL76: ='Assessment sheet (ES)'!VFN76 -> 0 | VFS76: ='Assessment sheet (ES)'!VFU76 -> 0 | VFT76: ='Assessment sheet (ES)'!VFV76 -> 0 | VGA76: ='Assessment sheet (ES)'!VGC76 -> 0 | VGB76: ='Assessment sheet (ES)'!VGD76 -> 0 | VGI76: ='Assessment sheet (ES)'!VGK76 -> 0 | VGJ76: ='Assessment sheet (ES)'!VGL76 -> 0 | VGQ76: ='Assessment sheet (ES)'!VGS76 -> 0 | VGR76: ='Assessment sheet (ES)'!VGT76 -> 0 | VGY76: ='Assessment sheet (ES)'!VHA76 -> 0 | VGZ76: ='Assessment sheet (ES)'!VHB76 -> 0 | VHG76: ='Assessment sheet (ES)'!VHI76 -> 0 | VHH76: ='Assessment sheet (ES)'!VHJ76 -> 0 | VHO76: ='Assessment sheet (ES)'!VHQ76 -> 0 | VHP76: ='Assessment sheet (ES)'!VHR76 -> 0 | VHW76: ='Assessment sheet (ES)'!VHY76 -> 0 | VHX76: ='Assessment sheet (ES)'!VHZ76 -> 0 | VIE76: ='Assessment sheet (ES)'!VIG76 -> 0 | VIF76: ='Assessment sheet (ES)'!VIH76 -> 0 | VIM76: ='Assessment sheet (ES)'!VIO76 -> 0 | VIN76: ='Assessment sheet (ES)'!VIP76 -> 0 | VIU76: ='Assessment sheet (ES)'!VIW76 -> 0 | VIV76: ='Assessment sheet (ES)'!VIX76 -> 0 | VJC76: ='Assessment sheet (ES)'!VJE76 -> 0 | VJD76: ='Assessment sheet (ES)'!VJF76 -> 0 | VJK76: ='Assessment sheet (ES)'!VJM76 -> 0 | VJL76: ='Assessment sheet (ES)'!VJN76 -> 0 | VJS76: ='Assessment sheet (ES)'!VJU76 -> 0 | VJT76: ='Assessment sheet (ES)'!VJV76 -> 0 | VKA76: ='Assessment sheet (ES)'!VKC76 -> 0 | VKB76: ='Assessment sheet (ES)'!VKD76 -> 0 | VKI76: ='Assessment sheet (ES)'!VKK76 -> 0 | VKJ76: ='Assessment sheet (ES)'!VKL76 -> 0 | VKQ76: ='Assessment sheet (ES)'!VKS76 -> 0 | VKR76: ='Assessment sheet (ES)'!VKT76 -> 0 | VKY76: ='Assessment sheet (ES)'!VLA76 -> 0 | VKZ76: ='Assessment sheet (ES)'!VLB76 -> 0 | VLG76: ='Assessment sheet (ES)'!VLI76 -> 0 | VLH76: ='Assessment sheet (ES)'!VLJ76 -> 0 | VLO76: ='Assessment sheet (ES)'!VLQ76 -> 0 | VLP76: ='Assessment sheet (ES)'!VLR76 -> 0 | VLW76: ='Assessment sheet (ES)'!VLY76 -> 0 | VLX76: ='Assessment sheet (ES)'!VLZ76 -> 0 | VME76: ='Assessment sheet (ES)'!VMG76 -> 0 | VMF76: ='Assessment sheet (ES)'!VMH76 -> 0 | VMM76: ='Assessment sheet (ES)'!VMO76 -> 0 | VMN76: ='Assessment sheet (ES)'!VMP76 -> 0 | VMU76: ='Assessment sheet (ES)'!VMW76 -> 0 | VMV76: ='Assessment sheet (ES)'!VMX76 -> 0 | VNC76: ='Assessment sheet (ES)'!VNE76 -> 0 | VND76: ='Assessment sheet (ES)'!VNF76 -> 0 | VNK76: ='Assessment sheet (ES)'!VNM76 -> 0 | VNL76: ='Assessment sheet (ES)'!VNN76 -> 0 | VNS76: ='Assessment sheet (ES)'!VNU76 -> 0 | VNT76: ='Assessment sheet (ES)'!VNV76 -> 0 | VOA76: ='Assessment sheet (ES)'!VOC76 -> 0 | VOB76: ='Assessment sheet (ES)'!VOD76 -> 0 | VOI76: ='Assessment sheet (ES)'!VOK76 -> 0 | VOJ76: ='Assessment sheet (ES)'!VOL76 -> 0 | VOQ76: ='Assessment sheet (ES)'!VOS76 -> 0 | VOR76: ='Assessment sheet (ES)'!VOT76 -> 0 | VOY76: ='Assessment sheet (ES)'!VPA76 -> 0 | VOZ76: ='Assessment sheet (ES)'!VPB76 -> 0 | VPG76: ='Assessment sheet (ES)'!VPI76 -> 0 | VPH76: ='Assessment sheet (ES)'!VPJ76 -> 0 | VPO76: ='Assessment sheet (ES)'!VPQ76 -> 0 | VPP76: ='Assessment sheet (ES)'!VPR76 -> 0 | VPW76: ='Assessment sheet (ES)'!VPY76 -> 0 | VPX76: ='Assessment sheet (ES)'!VPZ76 -> 0 | VQE76: ='Assessment sheet (ES)'!VQG76 -> 0 | VQF76: ='Assessment sheet (ES)'!VQH76 -> 0 | VQM76: ='Assessment sheet (ES)'!VQO76 -> 0 | VQN76: ='Assessment sheet (ES)'!VQP76 -> 0 | VQU76: ='Assessment sheet (ES)'!VQW76 -> 0 | VQV76: ='Assessment sheet (ES)'!VQX76 -> 0 | VRC76: ='Assessment sheet (ES)'!VRE76 -> 0 | VRD76: ='Assessment sheet (ES)'!VRF76 -> 0 | VRK76: ='Assessment sheet (ES)'!VRM76 -> 0 | VRL76: ='Assessment sheet (ES)'!VRN76 -> 0 | VRS76: ='Assessment sheet (ES)'!VRU76 -> 0 | VRT76: ='Assessment sheet (ES)'!VRV76 -> 0 | VSA76: ='Assessment sheet (ES)'!VSC76 -> 0 | VSB76: ='Assessment sheet (ES)'!VSD76 -> 0 | VSI76: ='Assessment sheet (ES)'!VSK76 -> 0 | VSJ76: ='Assessment sheet (ES)'!VSL76 -> 0 | VSQ76: ='Assessment sheet (ES)'!VSS76 -> 0 | VSR76: ='Assessment sheet (ES)'!VST76 -> 0 | VSY76: ='Assessment sheet (ES)'!VTA76 -> 0 | VSZ76: ='Assessment sheet (ES)'!VTB76 -> 0 | VTG76: ='Assessment sheet (ES)'!VTI76 -> 0 | VTH76: ='Assessment sheet (ES)'!VTJ76 -> 0 | VTO76: ='Assessment sheet (ES)'!VTQ76 -> 0 | VTP76: ='Assessment sheet (ES)'!VTR76 -> 0 | VTW76: ='Assessment sheet (ES)'!VTY76 -> 0 | VTX76: ='Assessment sheet (ES)'!VTZ76 -> 0 | VUE76: ='Assessment sheet (ES)'!VUG76 -> 0 | VUF76: ='Assessment sheet (ES)'!VUH76 -> 0 | VUM76: ='Assessment sheet (ES)'!VUO76 -> 0 | VUN76: ='Assessment sheet (ES)'!VUP76 -> 0 | VUU76: ='Assessment sheet (ES)'!VUW76 -> 0 | VUV76: ='Assessment sheet (ES)'!VUX76 -> 0 | VVC76: ='Assessment sheet (ES)'!VVE76 -> 0 | VVD76: ='Assessment sheet (ES)'!VVF76 -> 0 | VVK76: ='Assessment sheet (ES)'!VVM76 -> 0 | VVL76: ='Assessment sheet (ES)'!VVN76 -> 0 | VVS76: ='Assessment sheet (ES)'!VVU76 -> 0 | VVT76: ='Assessment sheet (ES)'!VVV76 -> 0 | VWA76: ='Assessment sheet (ES)'!VWC76 -> 0 | VWB76: ='Assessment sheet (ES)'!VWD76 -> 0 | VWI76: ='Assessment sheet (ES)'!VWK76 -> 0 | VWJ76: ='Assessment sheet (ES)'!VWL76 -> 0 | VWQ76: ='Assessment sheet (ES)'!VWS76 -> 0 | VWR76: ='Assessment sheet (ES)'!VWT76 -> 0 | VWY76: ='Assessment sheet (ES)'!VXA76 -> 0 | VWZ76: ='Assessment sheet (ES)'!VXB76 -> 0 | VXG76: ='Assessment sheet (ES)'!VXI76 -> 0 | VXH76: ='Assessment sheet (ES)'!VXJ76 -> 0 | VXO76: ='Assessment sheet (ES)'!VXQ76 -> 0 | VXP76: ='Assessment sheet (ES)'!VXR76 -> 0 | VXW76: ='Assessment sheet (ES)'!VXY76 -> 0 | VXX76: ='Assessment sheet (ES)'!VXZ76 -> 0 | VYE76: ='Assessment sheet (ES)'!VYG76 -> 0 | VYF76: ='Assessment sheet (ES)'!VYH76 -> 0 | VYM76: ='Assessment sheet (ES)'!VYO76 -> 0 | VYN76: ='Assessment sheet (ES)'!VYP76 -> 0 | VYU76: ='Assessment sheet (ES)'!VYW76 -> 0 | VYV76: ='Assessment sheet (ES)'!VYX76 -> 0 | VZC76: ='Assessment sheet (ES)'!VZE76 -> 0 | VZD76: ='Assessment sheet (ES)'!VZF76 -> 0 | VZK76: ='Assessment sheet (ES)'!VZM76 -> 0 | VZL76: ='Assessment sheet (ES)'!VZN76 -> 0 | VZS76: ='Assessment sheet (ES)'!VZU76 -> 0 | VZT76: ='Assessment sheet (ES)'!VZV76 -> 0 | WAA76: ='Assessment sheet (ES)'!WAC76 -> 0 | WAB76: ='Assessment sheet (ES)'!WAD76 -> 0 | WAI76: ='Assessment sheet (ES)'!WAK76 -> 0 | WAJ76: ='Assessment sheet (ES)'!WAL76 -> 0 | WAQ76: ='Assessment sheet (ES)'!WAS76 -> 0 | WAR76: ='Assessment sheet (ES)'!WAT76 -> 0 | WAY76: ='Assessment sheet (ES)'!WBA76 -> 0 | WAZ76: ='Assessment sheet (ES)'!WBB76 -> 0 | WBG76: ='Assessment sheet (ES)'!WBI76 -> 0 | WBH76: ='Assessment sheet (ES)'!WBJ76 -> 0 | WBO76: ='Assessment sheet (ES)'!WBQ76 -> 0 | WBP76: ='Assessment sheet (ES)'!WBR76 -> 0 | WBW76: ='Assessment sheet (ES)'!WBY76 -> 0 | WBX76: ='Assessment sheet (ES)'!WBZ76 -> 0 | WCE76: ='Assessment sheet (ES)'!WCG76 -> 0 | WCF76: ='Assessment sheet (ES)'!WCH76 -> 0 | WCM76: ='Assessment sheet (ES)'!WCO76 -> 0 | WCN76: ='Assessment sheet (ES)'!WCP76 -> 0 | WCU76: ='Assessment sheet (ES)'!WCW76 -> 0 | WCV76: ='Assessment sheet (ES)'!WCX76 -> 0 | WDC76: ='Assessment sheet (ES)'!WDE76 -> 0 | WDD76: ='Assessment sheet (ES)'!WDF76 -> 0 | WDK76: ='Assessment sheet (ES)'!WDM76 -> 0 | WDL76: ='Assessment sheet (ES)'!WDN76 -> 0 | WDS76: ='Assessment sheet (ES)'!WDU76 -> 0 | WDT76: ='Assessment sheet (ES)'!WDV76 -> 0 | WEA76: ='Assessment sheet (ES)'!WEC76 -> 0 | WEB76: ='Assessment sheet (ES)'!WED76 -> 0 | WEI76: ='Assessment sheet (ES)'!WEK76 -> 0 | WEJ76: ='Assessment sheet (ES)'!WEL76 -> 0 | WEQ76: ='Assessment sheet (ES)'!WES76 -> 0 | WER76: ='Assessment sheet (ES)'!WET76 -> 0 | WEY76: ='Assessment sheet (ES)'!WFA76 -> 0 | WEZ76: ='Assessment sheet (ES)'!WFB76 -> 0 | WFG76: ='Assessment sheet (ES)'!WFI76 -> 0 | WFH76: ='Assessment sheet (ES)'!WFJ76 -> 0 | WFO76: ='Assessment sheet (ES)'!WFQ76 -> 0 | WFP76: ='Assessment sheet (ES)'!WFR76 -> 0 | WFW76: ='Assessment sheet (ES)'!WFY76 -> 0 | WFX76: ='Assessment sheet (ES)'!WFZ76 -> 0 | WGE76: ='Assessment sheet (ES)'!WGG76 -> 0 | WGF76: ='Assessment sheet (ES)'!WGH76 -> 0 | WGM76: ='Assessment sheet (ES)'!WGO76 -> 0 | WGN76: ='Assessment sheet (ES)'!WGP76 -> 0 | WGU76: ='Assessment sheet (ES)'!WGW76 -> 0 | WGV76: ='Assessment sheet (ES)'!WGX76 -> 0 | WHC76: ='Assessment sheet (ES)'!WHE76 -> 0 | WHD76: ='Assessment sheet (ES)'!WHF76 -> 0 | WHK76: ='Assessment sheet (ES)'!WHM76 -> 0 | WHL76: ='Assessment sheet (ES)'!WHN76 -> 0 | WHS76: ='Assessment sheet (ES)'!WHU76 -> 0 | WHT76: ='Assessment sheet (ES)'!WHV76 -> 0 | WIA76: ='Assessment sheet (ES)'!WIC76 -> 0 | WIB76: ='Assessment sheet (ES)'!WID76 -> 0 | WII76: ='Assessment sheet (ES)'!WIK76 -> 0 | WIJ76: ='Assessment sheet (ES)'!WIL76 -> 0 | WIQ76: ='Assessment sheet (ES)'!WIS76 -> 0 | WIR76: ='Assessment sheet (ES)'!WIT76 -> 0 | WIY76: ='Assessment sheet (ES)'!WJA76 -> 0 | WIZ76: ='Assessment sheet (ES)'!WJB76 -> 0 | WJG76: ='Assessment sheet (ES)'!WJI76 -> 0 | WJH76: ='Assessment sheet (ES)'!WJJ76 -> 0 | WJO76: ='Assessment sheet (ES)'!WJQ76 -> 0 | WJP76: ='Assessment sheet (ES)'!WJR76 -> 0 | WJW76: ='Assessment sheet (ES)'!WJY76 -> 0 | WJX76: ='Assessment sheet (ES)'!WJZ76 -> 0 | WKE76: ='Assessment sheet (ES)'!WKG76 -> 0 | WKF76: ='Assessment sheet (ES)'!WKH76 -> 0 | WKM76: ='Assessment sheet (ES)'!WKO76 -> 0 | WKN76: ='Assessment sheet (ES)'!WKP76 -> 0 | WKU76: ='Assessment sheet (ES)'!WKW76 -> 0 | WKV76: ='Assessment sheet (ES)'!WKX76 -> 0 | WLC76: ='Assessment sheet (ES)'!WLE76 -> 0 | WLD76: ='Assessment sheet (ES)'!WLF76 -> 0 | WLK76: ='Assessment sheet (ES)'!WLM76 -> 0 | WLL76: ='Assessment sheet (ES)'!WLN76 -> 0 | WLS76: ='Assessment sheet (ES)'!WLU76 -> 0 | WLT76: ='Assessment sheet (ES)'!WLV76 -> 0 | WMA76: ='Assessment sheet (ES)'!WMC76 -> 0 | WMB76: ='Assessment sheet (ES)'!WMD76 -> 0 | WMI76: ='Assessment sheet (ES)'!WMK76 -> 0 | WMJ76: ='Assessment sheet (ES)'!WML76 -> 0 | WMQ76: ='Assessment sheet (ES)'!WMS76 -> 0 | WMR76: ='Assessment sheet (ES)'!WMT76 -> 0 | WMY76: ='Assessment sheet (ES)'!WNA76 -> 0 | WMZ76: ='Assessment sheet (ES)'!WNB76 -> 0 | WNG76: ='Assessment sheet (ES)'!WNI76 -> 0 | WNH76: ='Assessment sheet (ES)'!WNJ76 -> 0 | WNO76: ='Assessment sheet (ES)'!WNQ76 -> 0 | WNP76: ='Assessment sheet (ES)'!WNR76 -> 0 | WNW76: ='Assessment sheet (ES)'!WNY76 -> 0 | WNX76: ='Assessment sheet (ES)'!WNZ76 -> 0 | WOE76: ='Assessment sheet (ES)'!WOG76 -> 0 | WOF76: ='Assessment sheet (ES)'!WOH76 -> 0 | WOM76: ='Assessment sheet (ES)'!WOO76 -> 0 | WON76: ='Assessment sheet (ES)'!WOP76 -> 0 | WOU76: ='Assessment sheet (ES)'!WOW76 -> 0 | WOV76: ='Assessment sheet (ES)'!WOX76 -> 0 | WPC76: ='Assessment sheet (ES)'!WPE76 -> 0 | WPD76: ='Assessment sheet (ES)'!WPF76 -> 0 | WPK76: ='Assessment sheet (ES)'!WPM76 -> 0 | WPL76: ='Assessment sheet (ES)'!WPN76 -> 0 | WPS76: ='Assessment sheet (ES)'!WPU76 -> 0 | WPT76: ='Assessment sheet (ES)'!WPV76 -> 0 | WQA76: ='Assessment sheet (ES)'!WQC76 -> 0 | WQB76: ='Assessment sheet (ES)'!WQD76 -> 0 | WQI76: ='Assessment sheet (ES)'!WQK76 -> 0 | WQJ76: ='Assessment sheet (ES)'!WQL76 -> 0 | WQQ76: ='Assessment sheet (ES)'!WQS76 -> 0 | WQR76: ='Assessment sheet (ES)'!WQT76 -> 0 | WQY76: ='Assessment sheet (ES)'!WRA76 -> 0 | WQZ76: ='Assessment sheet (ES)'!WRB76 -> 0 | WRG76: ='Assessment sheet (ES)'!WRI76 -> 0 | WRH76: ='Assessment sheet (ES)'!WRJ76 -> 0 | WRO76: ='Assessment sheet (ES)'!WRQ76 -> 0 | WRP76: ='Assessment sheet (ES)'!WRR76 -> 0 | WRW76: ='Assessment sheet (ES)'!WRY76 -> 0 | WRX76: ='Assessment sheet (ES)'!WRZ76 -> 0 | WSE76: ='Assessment sheet (ES)'!WSG76 -> 0 | WSF76: ='Assessment sheet (ES)'!WSH76 -> 0 | WSM76: ='Assessment sheet (ES)'!WSO76 -> 0 | WSN76: ='Assessment sheet (ES)'!WSP76 -> 0 | WSU76: ='Assessment sheet (ES)'!WSW76 -> 0 | WSV76: ='Assessment sheet (ES)'!WSX76 -> 0 | WTC76: ='Assessment sheet (ES)'!WTE76 -> 0 | WTD76: ='Assessment sheet (ES)'!WTF76 -> 0 | WTK76: ='Assessment sheet (ES)'!WTM76 -> 0 | WTL76: ='Assessment sheet (ES)'!WTN76 -> 0 | WTS76: ='Assessment sheet (ES)'!WTU76 -> 0 | WTT76: ='Assessment sheet (ES)'!WTV76 -> 0 | WUA76: ='Assessment sheet (ES)'!WUC76 -> 0 | WUB76: ='Assessment sheet (ES)'!WUD76 -> 0 | WUI76: ='Assessment sheet (ES)'!WUK76 -> 0 | WUJ76: ='Assessment sheet (ES)'!WUL76 -> 0 | WUQ76: ='Assessment sheet (ES)'!WUS76 -> 0 | WUR76: ='Assessment sheet (ES)'!WUT76 -> 0 | WUY76: ='Assessment sheet (ES)'!WVA76 -> 0 | WUZ76: ='Assessment sheet (ES)'!WVB76 -> 0 | WVG76: ='Assessment sheet (ES)'!WVI76 -> 0 | WVH76: ='Assessment sheet (ES)'!WVJ76 -> 0 | WVO76: ='Assessment sheet (ES)'!WVQ76 -> 0 | WVP76: ='Assessment sheet (ES)'!WVR76 -> 0 | WVW76: ='Assessment sheet (ES)'!WVY76 -> 0 | WVX76: ='Assessment sheet (ES)'!WVZ76 -> 0 | WWE76: ='Assessment sheet (ES)'!WWG76 -> 0 | WWF76: ='Assessment sheet (ES)'!WWH76 -> 0 | WWM76: ='Assessment sheet (ES)'!WWO76 -> 0 | WWN76: ='Assessment sheet (ES)'!WWP76 -> 0 | WWU76: ='Assessment sheet (ES)'!WWW76 -> 0 | WWV76: ='Assessment sheet (ES)'!WWX76 -> 0 | WXC76: ='Assessment sheet (ES)'!WXE76 -> 0 | WXD76: ='Assessment sheet (ES)'!WXF76 -> 0 | WXK76: ='Assessment sheet (ES)'!WXM76 -> 0 | WXL76: ='Assessment sheet (ES)'!WXN76 -> 0 | WXS76: ='Assessment sheet (ES)'!WXU76 -> 0 | WXT76: ='Assessment sheet (ES)'!WXV76 -> 0 | WYA76: ='Assessment sheet (ES)'!WYC76 -> 0 | WYB76: ='Assessment sheet (ES)'!WYD76 -> 0 | WYI76: ='Assessment sheet (ES)'!WYK76 -> 0 | WYJ76: ='Assessment sheet (ES)'!WYL76 -> 0 | WYQ76: ='Assessment sheet (ES)'!WYS76 -> 0 | WYR76: ='Assessment sheet (ES)'!WYT76 -> 0 | WYY76: ='Assessment sheet (ES)'!WZA76 -> 0 | WYZ76: ='Assessment sheet (ES)'!WZB76 -> 0 | WZG76: ='Assessment sheet (ES)'!WZI76 -> 0 | WZH76: ='Assessment sheet (ES)'!WZJ76 -> 0 | WZO76: ='Assessment sheet (ES)'!WZQ76 -> 0 | WZP76: ='Assessment sheet (ES)'!WZR76 -> 0 | WZW76: ='Assessment sheet (ES)'!WZY76 -> 0 | WZX76: ='Assessment sheet (ES)'!WZZ76 -> 0 | XAE76: ='Assessment sheet (ES)'!XAG76 -> 0 | XAF76: ='Assessment sheet (ES)'!XAH76 -> 0 | XAM76: ='Assessment sheet (ES)'!XAO76 -> 0 | XAN76: ='Assessment sheet (ES)'!XAP76 -> 0 | XAU76: ='Assessment sheet (ES)'!XAW76 -> 0 | XAV76: ='Assessment sheet (ES)'!XAX76 -> 0 | XBC76: ='Assessment sheet (ES)'!XBE76 -> 0 | XBD76: ='Assessment sheet (ES)'!XBF76 -> 0 | XBK76: ='Assessment sheet (ES)'!XBM76 -> 0 | XBL76: ='Assessment sheet (ES)'!XBN76 -> 0 | XBS76: ='Assessment sheet (ES)'!XBU76 -> 0 | XBT76: ='Assessment sheet (ES)'!XBV76 -> 0 | XCA76: ='Assessment sheet (ES)'!XCC76 -> 0 | XCB76: ='Assessment sheet (ES)'!XCD76 -> 0 | XCI76: ='Assessment sheet (ES)'!XCK76 -> 0 | XCJ76: ='Assessment sheet (ES)'!XCL76 -> 0 | XCQ76: ='Assessment sheet (ES)'!XCS76 -> 0 | XCR76: ='Assessment sheet (ES)'!XCT76 -> 0 | XCY76: ='Assessment sheet (ES)'!XDA76 -> 0 | XCZ76: ='Assessment sheet (ES)'!XDB76 -> 0 | XDG76: ='Assessment sheet (ES)'!XDI76 -> 0 | XDH76: ='Assessment sheet (ES)'!XDJ76 -> 0 | XDO76: ='Assessment sheet (ES)'!XDQ76 -> 0 | XDP76: ='Assessment sheet (ES)'!XDR76 -> 0 | XDW76: ='Assessment sheet (ES)'!XDY76 -> 0 | XDX76: ='Assessment sheet (ES)'!XDZ76 -> 0 | XEE76: ='Assessment sheet (ES)'!XEG76 -> 0 | XEF76: ='Assessment sheet (ES)'!XEH76 -> 0 | XEM76: ='Assessment sheet (ES)'!XEO76 -> 0 | XEN76: ='Assessment sheet (ES)'!XEP76 -> 0 | XEU76: ='Assessment sheet (ES)'!XEW76 -> 0 | XEV76: ='Assessment sheet (ES)'!XEX76 -> 0
